idx,question,state,question_group,answer_ground_truth,shorter_note,no_xai_prompt,no_xai_AI_answer,no_xai_AI_explanation,no_xai_AI_issue,no_xai_AI_rule,no_xai_AI_application,no_xai_AI_conclusion,concise_prompt,concise_AI_answer,concise_AI_explanation,concise_AI_issue,concise_AI_rule,concise_AI_application,concise_AI_conclusion,structured_prompt,structured_AI_answer,structured_AI_explanation,structured_AI_issue,structured_AI_rule,structured_AI_application,structured_AI_conclusion,answer_consistent
2378,Are damages available to a tenant who is unlawfully evicted?,Louisiana,134,Yes,"""Unlawfully"" means via self-help (e.g., changing locks). ""Damages"" include monetary relief under the eviction procedure and lease articles of the Louisiana Civil Code and exclude general delictual relief. ","Answer the following Yes/No question about housing law in Louisiana, based on the law as it stood in 2021.

Question: Are damages available to a tenant who is unlawfully evicted?

Clarification note: ""Unlawfully"" means via self-help (e.g., changing locks). ""Damages"" include monetary relief under the eviction procedure and lease articles of the Louisiana Civil Code and exclude general delictual relief.

Respond ONLY with a valid JSON object in exactly this format, and nothing else: {""answer"": ""<Yes or No>""}",No,,,,,,"Answer the following Yes/No question about housing law in Louisiana, based on the law as it stood in 2021.

Question: Are damages available to a tenant who is unlawfully evicted?

Clarification note: ""Unlawfully"" means via self-help (e.g., changing locks). ""Damages"" include monetary relief under the eviction procedure and lease articles of the Louisiana Civil Code and exclude general delictual relief.

Explain your reasoning briefly, in continuous prose.

Respond ONLY with a valid JSON object in exactly this format, and nothing else: {""reasoning"": ""<brief prose reasoning>"", ""answer"": ""<Yes or No>""}",No,"Louisiana law does not have a specific statutory provision under the eviction procedure or the lease articles of the Civil Code that expressly authorizes damages to a tenant who is unlawfully evicted via self-help such as changing locks. While a tenant subjected to a wrongful self-help eviction may pursue relief, such recovery typically arises through general delictual (tort) principles under Civil Code article 2315, which the clarification note excludes. The eviction procedure articles and lease-specific articles focus on the lessor's obligation to provide peaceable possession and the tenant's remedies, but do not provide a dedicated damages remedy for self-help eviction outside general tort relief.",,,,,"Answer the following Yes/No question about housing law in Louisiana, based on the law as it stood in 2021.

Question: Are damages available to a tenant who is unlawfully evicted?

Clarification note: ""Unlawfully"" means via self-help (e.g., changing locks). ""Damages"" include monetary relief under the eviction procedure and lease articles of the Louisiana Civil Code and exclude general delictual relief.

Explain your reasoning using the IRAC framework:
- Issue: the precise legal question raised by the facts
- Rule: the governing housing/eviction rule in Louisiana
- Application: apply the rule to the question
- Conclusion: the resulting Yes/No determination

Respond ONLY with a valid JSON object in exactly this format, and nothing else: {""issue"": ""<the legal issue>"", ""rule"": ""<the applicable legal rule>"", ""application"": ""<application of rule to the question>"", ""conclusion"": ""<short statement of outcome>"", ""answer"": ""<Yes or No>""}",Yes,,"Whether a tenant who is unlawfully evicted through self-help measures (such as changing the locks) may recover monetary damages under the eviction procedure and lease provisions of the Louisiana Civil Code, as distinguished from general delictual (tort) relief.","In Louisiana, a landlord may not resort to self-help to evict a tenant but must follow the statutory eviction procedure set forth in the Louisiana Code of Civil Procedure (arts. 4701 et seq.). The Louisiana Civil Code lease articles (see La. C.C. arts. 2668 et seq., including the lessor's obligations to deliver and maintain peaceable possession under arts. 2682-2684 and the general obligor liability for damages under arts. 1994 et seq. for failure to perform a conventional obligation) govern the parties' contractual relationship. A lessor who breaches the lease by depriving the lessee of peaceful possession is liable for damages resulting from that breach.","The clarification restricts 'damages' to monetary relief available under the eviction procedure and the lease articles of the Civil Code, excluding general tort relief. When a landlord unlawfully evicts a tenant through self-help—bypassing the mandatory judicial eviction process—the landlord breaches the lease obligation to maintain the lessee in peaceable possession. This breach of a conventional obligation entitles the lessee to contractual damages under the Civil Code lease and obligations articles. Thus, monetary relief flowing from the breach of the lease is available to the unlawfully evicted tenant, independent of any delictual claim.",A tenant unlawfully evicted by self-help may recover damages under the lease and eviction provisions of the Civil Code.,False
2294,Are damages available to a tenant who is unlawfully evicted?,California,134,Yes,"""Unlawfully"" means via self-help (e.g., changing locks). ""Damages"" include monetary relief under California state landlord-tenant and eviction statutes and exclude general tort/contract damages. ","Answer the following Yes/No question about housing law in California, based on the law as it stood in 2021.

Question: Are damages available to a tenant who is unlawfully evicted?

Clarification note: ""Unlawfully"" means via self-help (e.g., changing locks). ""Damages"" include monetary relief under California state landlord-tenant and eviction statutes and exclude general tort/contract damages.

Respond ONLY with a valid JSON object in exactly this format, and nothing else: {""answer"": ""<Yes or No>""}",Yes,,,,,,"Answer the following Yes/No question about housing law in California, based on the law as it stood in 2021.

Question: Are damages available to a tenant who is unlawfully evicted?

Clarification note: ""Unlawfully"" means via self-help (e.g., changing locks). ""Damages"" include monetary relief under California state landlord-tenant and eviction statutes and exclude general tort/contract damages.

Explain your reasoning briefly, in continuous prose.

Respond ONLY with a valid JSON object in exactly this format, and nothing else: {""reasoning"": ""<brief prose reasoning>"", ""answer"": ""<Yes or No>""}",Yes,"Under California Civil Code section 789.3, a landlord is prohibited from using self-help methods to evict a tenant, such as changing locks, removing doors, or shutting off utilities. When a landlord violates this statute, the tenant is entitled to recover statutory damages, including actual damages and a penalty of up to $100 per day for each day the violation continues (with a minimum recovery), plus attorney's fees. This provides a specific statutory basis for monetary relief to a tenant unlawfully evicted through self-help.",,,,,"Answer the following Yes/No question about housing law in California, based on the law as it stood in 2021.

Question: Are damages available to a tenant who is unlawfully evicted?

Clarification note: ""Unlawfully"" means via self-help (e.g., changing locks). ""Damages"" include monetary relief under California state landlord-tenant and eviction statutes and exclude general tort/contract damages.

Explain your reasoning using the IRAC framework:
- Issue: the precise legal question raised by the facts
- Rule: the governing housing/eviction rule in California
- Application: apply the rule to the question
- Conclusion: the resulting Yes/No determination

Respond ONLY with a valid JSON object in exactly this format, and nothing else: {""issue"": ""<the legal issue>"", ""rule"": ""<the applicable legal rule>"", ""application"": ""<application of rule to the question>"", ""conclusion"": ""<short statement of outcome>"", ""answer"": ""<Yes or No>""}",Yes,,Whether a tenant who is unlawfully evicted through self-help measures (such as changing locks or otherwise ousting the tenant without judicial process) may recover statutory monetary damages under California landlord-tenant and eviction law.,"California Civil Code section 789.3 prohibits a landlord from using self-help to recover possession, including changing locks, removing doors, or terminating utilities to force a tenant out. Section 789.3(c) provides that a landlord who violates this section is liable to the tenant for actual damages sustained, plus a statutory penalty of one hundred dollars ($100) for each day (or part thereof) the landlord remains in violation, with a minimum award of $250 per separate cause of action. Related provisions and the general prohibition on forcible entry and detainer (Code of Civil Procedure sections 1159-1160) reinforce that lawful eviction requires the unlawful detainer judicial process, and that tenants ousted by self-help may recover damages.","The clarification defines 'unlawfully' as self-help eviction (e.g., changing locks) and 'damages' as monetary relief under California landlord-tenant and eviction statutes. Civil Code section 789.3 directly addresses this scenario: when a landlord resorts to self-help by changing locks or cutting off utilities to evict a tenant, the statute expressly authorizes the tenant to recover actual damages plus statutory per-day penalties and a minimum statutory award. Thus statutory monetary relief is available to a tenant unlawfully evicted by self-help.","Statutory damages are available to a tenant unlawfully evicted via self-help under California law, notably Civil Code section 789.3.",True
4533,Are eviction cases first heard in magistrates court?,Texas,76,No,"""Eviction cases"" means residential eviction actions prior to appeal/trial de novo. ""Magistrates court"" means a Texas state court called Magistrate's Court, not merely a court with a magistrate.","Answer the following Yes/No question about housing law in Texas, based on the law as it stood in 2021.

Question: Are eviction cases first heard in magistrates court?

Clarification note: ""Eviction cases"" means residential eviction actions prior to appeal/trial de novo. ""Magistrates court"" means a Texas state court called Magistrate's Court, not merely a court with a magistrate.

Respond ONLY with a valid JSON object in exactly this format, and nothing else: {""answer"": ""<Yes or No>""}",No,,,,,,"Answer the following Yes/No question about housing law in Texas, based on the law as it stood in 2021.

Question: Are eviction cases first heard in magistrates court?

Clarification note: ""Eviction cases"" means residential eviction actions prior to appeal/trial de novo. ""Magistrates court"" means a Texas state court called Magistrate's Court, not merely a court with a magistrate.

Explain your reasoning briefly, in continuous prose.

Respond ONLY with a valid JSON object in exactly this format, and nothing else: {""reasoning"": ""<brief prose reasoning>"", ""answer"": ""<Yes or No>""}",No,"In Texas, residential eviction cases (called forcible entry and detainer actions) are filed and first heard in Justice of the Peace courts, also known as justice courts, not in a court called Magistrate's Court. If a party is dissatisfied with the outcome, they may appeal for a trial de novo in the county court. Texas does not have a state court named 'Magistrate's Court' that hears eviction cases; the initial jurisdiction lies with the justice courts.",,,,,"Answer the following Yes/No question about housing law in Texas, based on the law as it stood in 2021.

Question: Are eviction cases first heard in magistrates court?

Clarification note: ""Eviction cases"" means residential eviction actions prior to appeal/trial de novo. ""Magistrates court"" means a Texas state court called Magistrate's Court, not merely a court with a magistrate.

Explain your reasoning using the IRAC framework:
- Issue: the precise legal question raised by the facts
- Rule: the governing housing/eviction rule in Texas
- Application: apply the rule to the question
- Conclusion: the resulting Yes/No determination

Respond ONLY with a valid JSON object in exactly this format, and nothing else: {""issue"": ""<the legal issue>"", ""rule"": ""<the applicable legal rule>"", ""application"": ""<application of rule to the question>"", ""conclusion"": ""<short statement of outcome>"", ""answer"": ""<Yes or No>""}",No,,Whether residential eviction (forcible entry and detainer) cases in Texas are first heard in a court called 'Magistrate's Court' prior to any appeal or trial de novo.,"Under Texas Property Code Chapter 24 and Texas Rules of Civil Procedure Rule 510, eviction suits (forcible entry and detainer actions) must be filed and initially heard in the Justice Court (Justice of the Peace Court) in the precinct where the property is located. A party dissatisfied with the judgment may appeal for a trial de novo in the County Court or County Court at Law. Texas does not have a trial court named 'Magistrate's Court'; magistrates in Texas serve limited functions (e.g., setting bail, preliminary criminal matters) and are not the venue for eviction actions.","Residential eviction cases in Texas are first heard in the Justice Court, not in a court called 'Magistrate's Court.' Because Texas has no court by that name that hears evictions, and the initial venue is the Justice of the Peace Court, the premise that eviction cases are first heard in 'Magistrate's Court' is incorrect.","Eviction cases are first heard in Justice Court, not Magistrate's Court.",True
4530,Are eviction cases first heard in state court?,Texas,140,No,"""Eviction cases"" means residential eviction actions prior to appeal/trial de novo. ""State court"" means any Texas constitutional or statutory court forming part of the state judiciary.","Answer the following Yes/No question about housing law in Texas, based on the law as it stood in 2021.

Question: Are eviction cases first heard in state court?

Clarification note: ""Eviction cases"" means residential eviction actions prior to appeal/trial de novo. ""State court"" means any Texas constitutional or statutory court forming part of the state judiciary.

Respond ONLY with a valid JSON object in exactly this format, and nothing else: {""answer"": ""<Yes or No>""}",Yes,,,,,,"Answer the following Yes/No question about housing law in Texas, based on the law as it stood in 2021.

Question: Are eviction cases first heard in state court?

Clarification note: ""Eviction cases"" means residential eviction actions prior to appeal/trial de novo. ""State court"" means any Texas constitutional or statutory court forming part of the state judiciary.

Explain your reasoning briefly, in continuous prose.

Respond ONLY with a valid JSON object in exactly this format, and nothing else: {""reasoning"": ""<brief prose reasoning>"", ""answer"": ""<Yes or No>""}",Yes,"In Texas, eviction cases (forcible entry and detainer actions) are initially filed and heard in justice of the peace courts. Justice courts are constitutional courts established under the Texas Constitution and are part of the Texas state judiciary. Although these are lower-level courts, they are still state courts within the meaning provided by the clarification. A party may appeal for a trial de novo in county court, but the initial hearing occurs in the justice court, which forms part of the state judicial system.",,,,,"Answer the following Yes/No question about housing law in Texas, based on the law as it stood in 2021.

Question: Are eviction cases first heard in state court?

Clarification note: ""Eviction cases"" means residential eviction actions prior to appeal/trial de novo. ""State court"" means any Texas constitutional or statutory court forming part of the state judiciary.

Explain your reasoning using the IRAC framework:
- Issue: the precise legal question raised by the facts
- Rule: the governing housing/eviction rule in Texas
- Application: apply the rule to the question
- Conclusion: the resulting Yes/No determination

Respond ONLY with a valid JSON object in exactly this format, and nothing else: {""issue"": ""<the legal issue>"", ""rule"": ""<the applicable legal rule>"", ""application"": ""<application of rule to the question>"", ""conclusion"": ""<short statement of outcome>"", ""answer"": ""<Yes or No>""}",Yes,,Whether residential eviction cases in Texas are first heard in a court that forms part of the state judiciary.,"Under Texas Property Code Chapter 24 and Texas Rules of Civil Procedure 510, an eviction action (forcible entry and detainer) must be filed in and is originally heard by the justice court in the precinct where the property is located. Justice courts (justice of the peace courts) are courts established under Article V of the Texas Constitution and are part of the Texas state judiciary. An appeal results in a trial de novo in the county court.","Eviction suits prior to any appeal are commenced in the justice court, not in federal court or any non-state tribunal. Justice courts are Texas constitutional courts and thus part of the state judiciary. Therefore, the initial hearing of a residential eviction case occurs in a state court within the meaning provided.","Eviction cases are first heard in the justice court, which is a Texas state court.",True
1452,Can a landlord evict a tenant for commiting substantial damage to the property?,New York,193,No,"Read as whether a statute applicable in all or part of New York State explicitly allows a private landlord to evict a unsubsidized, unregulated residential tenant with a written lease for substantial damage to the property.","Answer the following Yes/No question about housing law in New York, based on the law as it stood in 2021.

Question: Can a landlord evict a tenant for commiting substantial damage to the property?

Clarification note: Read as whether a statute applicable in all or part of New York State explicitly allows a private landlord to evict a unsubsidized, unregulated residential tenant with a written lease for substantial damage to the property.

Respond ONLY with a valid JSON object in exactly this format, and nothing else: {""answer"": ""<Yes or No>""}",Yes,,,,,,"Answer the following Yes/No question about housing law in New York, based on the law as it stood in 2021.

Question: Can a landlord evict a tenant for commiting substantial damage to the property?

Clarification note: Read as whether a statute applicable in all or part of New York State explicitly allows a private landlord to evict a unsubsidized, unregulated residential tenant with a written lease for substantial damage to the property.

Explain your reasoning briefly, in continuous prose.

Respond ONLY with a valid JSON object in exactly this format, and nothing else: {""reasoning"": ""<brief prose reasoning>"", ""answer"": ""<Yes or No>""}",Yes,"Under New York law, RPAPL 711(5) and related provisions address holdover proceedings, but the specific ground for eviction based on a tenant intentionally or negligently causing substantial damage to the property is found in Real Property Law 231 and RPAPL 711(5), which concern illegal use, and more directly in the context of nuisance and waste. New York recognizes that a tenant who commits or permits substantial damage (waste) to the premises can be evicted. RPAPL 711(5) allows removal where a person is using premises for illegal purposes, but the destruction of property is addressed through holdover proceedings for breach of lease and under RPAPL 753 and the concept of objectionable conduct. Notably, statutory schemes explicitly permit eviction where a tenant intentionally causes or permits substantial damage, aligning with lease breach provisions that landlords can enforce against a tenant with a written lease for damaging the property.",,,,,"Answer the following Yes/No question about housing law in New York, based on the law as it stood in 2021.

Question: Can a landlord evict a tenant for commiting substantial damage to the property?

Clarification note: Read as whether a statute applicable in all or part of New York State explicitly allows a private landlord to evict a unsubsidized, unregulated residential tenant with a written lease for substantial damage to the property.

Explain your reasoning using the IRAC framework:
- Issue: the precise legal question raised by the facts
- Rule: the governing housing/eviction rule in New York
- Application: apply the rule to the question
- Conclusion: the resulting Yes/No determination

Respond ONLY with a valid JSON object in exactly this format, and nothing else: {""issue"": ""<the legal issue>"", ""rule"": ""<the applicable legal rule>"", ""application"": ""<application of rule to the question>"", ""conclusion"": ""<short statement of outcome>"", ""answer"": ""<Yes or No>""}",Yes,,"Whether a statute applicable in all or part of New York State explicitly permits a private landlord to evict an unsubsidized, unregulated residential tenant with a written lease on the ground that the tenant committed substantial damage to the property.","Under New York Real Property Actions and Proceedings Law (RPAPL) § 711, a landlord may commence a summary holdover proceeding to remove a tenant. RPAPL § 711(5) specifically authorizes eviction where the person 'has, in violation of a statute or law, caused or permitted such demised premises to become disorderly, or has otherwise damaged... the demised premises.' Additionally, RPAPL § 715 addresses illegal uses. Statutory law thus provides for eviction where a tenant substantially damages the premises, and such conduct also typically constitutes a substantial lease violation permitting a holdover proceeding under RPAPL § 711.","Here, the tenant is unsubsidized, unregulated, and holds a written lease. RPAPL § 711 explicitly contemplates summary eviction proceedings, and subsection (5) references a tenant who has damaged the demised premises. Substantial damage to the property falls squarely within conduct that the statute recognizes as grounds for removal, and it would also constitute a breach of the lease actionable as a holdover. Because a statute applicable in New York explicitly allows removal of a tenant for damaging the premises, the landlord may pursue eviction on this basis.",A landlord may evict a tenant for committing substantial damage to the property under applicable New York statutory law.,True
1453,"Can a landlord evict a tenant for committing domestic violence? This includes when the a tenant can be evicted if they are a domestic violence offender, or if they endanger another tenant and are subject to a protective order or criminal complaint for domestic abuse.",New York,202,No,"""Landlord"" means private landlord. ""Tenant"" means unsubsidized, unregulated residential tenant with a written lease. Read ""includes"" as ""includes only"". Disregard exclusion orders in family or criminal proceedings. Answer under New York State statute only.","Answer the following Yes/No question about housing law in New York, based on the law as it stood in 2021.

Question: Can a landlord evict a tenant for committing domestic violence? This includes when the a tenant can be evicted if they are a domestic violence offender, or if they endanger another tenant and are subject to a protective order or criminal complaint for domestic abuse.

Clarification note: ""Landlord"" means private landlord. ""Tenant"" means unsubsidized, unregulated residential tenant with a written lease. Read ""includes"" as ""includes only"". Disregard exclusion orders in family or criminal proceedings. Answer under New York State statute only.

Respond ONLY with a valid JSON object in exactly this format, and nothing else: {""answer"": ""<Yes or No>""}",No,,,,,,"Answer the following Yes/No question about housing law in New York, based on the law as it stood in 2021.

Question: Can a landlord evict a tenant for committing domestic violence? This includes when the a tenant can be evicted if they are a domestic violence offender, or if they endanger another tenant and are subject to a protective order or criminal complaint for domestic abuse.

Clarification note: ""Landlord"" means private landlord. ""Tenant"" means unsubsidized, unregulated residential tenant with a written lease. Read ""includes"" as ""includes only"". Disregard exclusion orders in family or criminal proceedings. Answer under New York State statute only.

Explain your reasoning briefly, in continuous prose.

Respond ONLY with a valid JSON object in exactly this format, and nothing else: {""reasoning"": ""<brief prose reasoning>"", ""answer"": ""<Yes or No>""}",No,"Under New York State statute, there is no general provision allowing a private landlord to evict an unsubsidized, unregulated tenant with a written lease specifically for being a domestic violence offender or for being subject to a protective order or criminal complaint for domestic abuse. In fact, New York's Real Property Law (RPL § 227-c) provides protections for victims of domestic violence, and Real Property Law § 227-d prohibits discrimination against victims of domestic violence, but the state statutes do not create a specific basis for a private landlord to evict a tenant on the ground that they are a domestic violence offender. Disregarding exclusion orders in family or criminal proceedings, and confining the analysis to New York State statute, there is no statutory authority granting a private landlord this eviction ground.",,,,,"Answer the following Yes/No question about housing law in New York, based on the law as it stood in 2021.

Question: Can a landlord evict a tenant for committing domestic violence? This includes when the a tenant can be evicted if they are a domestic violence offender, or if they endanger another tenant and are subject to a protective order or criminal complaint for domestic abuse.

Clarification note: ""Landlord"" means private landlord. ""Tenant"" means unsubsidized, unregulated residential tenant with a written lease. Read ""includes"" as ""includes only"". Disregard exclusion orders in family or criminal proceedings. Answer under New York State statute only.

Explain your reasoning using the IRAC framework:
- Issue: the precise legal question raised by the facts
- Rule: the governing housing/eviction rule in New York
- Application: apply the rule to the question
- Conclusion: the resulting Yes/No determination

Respond ONLY with a valid JSON object in exactly this format, and nothing else: {""issue"": ""<the legal issue>"", ""rule"": ""<the applicable legal rule>"", ""application"": ""<application of rule to the question>"", ""conclusion"": ""<short statement of outcome>"", ""answer"": ""<Yes or No>""}",No,,"Whether a private landlord may evict an unsubsidized, unregulated residential tenant with a written lease on the ground that the tenant is a domestic violence offender or endangers another tenant and is subject to a protective order or criminal complaint for domestic abuse.","Under New York's Real Property Law and Real Property Actions and Proceedings Law, particularly RPL 227-c and 227-d and related provisions, the statutory scheme protects domestic violence victims and prohibits landlords from discriminating or evicting tenants because of their status as victims of domestic violence. New York State statute does not contain a provision authorizing a private landlord to evict a tenant on the specific ground that the tenant is a domestic violence offender. While a landlord may pursue eviction of a market-rate lease tenant for lease violations or holdover after lease expiration under ordinary RPAPL summary proceedings, there is no state statute creating domestic violence perpetration as an independent ground for eviction (unlike certain provisions applicable to public/subsidized housing or exclusion orders in family/criminal proceedings, which are disregarded here).","For an unsubsidized, unregulated tenant with a written lease, eviction must rest on ordinary grounds such as nonpayment or expiration/breach of the lease, not on a standalone statutory 'domestic violence offender' ground. New York State statute provides protections for victims but does not affirmatively authorize a private landlord to evict a tenant merely because that tenant is a domestic violence offender or is subject to a protective order or criminal complaint. Disregarding exclusion orders and limiting the analysis to New York State statute, no statutory basis exists empowering the private landlord to evict on this specific ground.",No New York State statute authorizes a private landlord to evict such a tenant on the ground of committing domestic violence.,True
1460,"Can a landlord evict a tenant for criminal activity? This includes: criminal or illegal activity generally; committing a specific crime or illegal act; the use, possession, or sale of controlled substances; an unlawful action causing serious physical harm to another person; or criminal nuisance.",New York,109,Yes,"""Landlord"" means private landlord. ""Tenant"" means unsubsidized, unregulated residential tenant with a written lease. Read ""includes"" as ""includes only"". Disregard proceedings by a co-tenant or public official. Answer under New York State statute only.","Answer the following Yes/No question about housing law in New York, based on the law as it stood in 2021.

Question: Can a landlord evict a tenant for criminal activity? This includes: criminal or illegal activity generally; committing a specific crime or illegal act; the use, possession, or sale of controlled substances; an unlawful action causing serious physical harm to another person; or criminal nuisance.

Clarification note: ""Landlord"" means private landlord. ""Tenant"" means unsubsidized, unregulated residential tenant with a written lease. Read ""includes"" as ""includes only"". Disregard proceedings by a co-tenant or public official. Answer under New York State statute only.

Respond ONLY with a valid JSON object in exactly this format, and nothing else: {""answer"": ""<Yes or No>""}",Yes,,,,,,"Answer the following Yes/No question about housing law in New York, based on the law as it stood in 2021.

Question: Can a landlord evict a tenant for criminal activity? This includes: criminal or illegal activity generally; committing a specific crime or illegal act; the use, possession, or sale of controlled substances; an unlawful action causing serious physical harm to another person; or criminal nuisance.

Clarification note: ""Landlord"" means private landlord. ""Tenant"" means unsubsidized, unregulated residential tenant with a written lease. Read ""includes"" as ""includes only"". Disregard proceedings by a co-tenant or public official. Answer under New York State statute only.

Explain your reasoning briefly, in continuous prose.

Respond ONLY with a valid JSON object in exactly this format, and nothing else: {""reasoning"": ""<brief prose reasoning>"", ""answer"": ""<Yes or No>""}",Yes,"Under New York State statute, a landlord may terminate a tenancy and evict a tenant for illegal use of the premises. The Real Property Actions and Proceedings Law (RPAPL 711(5)) permits eviction where the premises are used for illegal trade, business, or manufacture, and the Real Property Law provisions concerning bawdy houses and illegal drug activity similarly allow removal. Additionally, a tenant who commits acts constituting criminal nuisance or illegal activity on the premises may be evicted. Thus, statutory grounds exist for a private landlord to evict an unregulated tenant for criminal or illegal activity, including the use, possession, or sale of controlled substances and criminal nuisance.",,,,,"Answer the following Yes/No question about housing law in New York, based on the law as it stood in 2021.

Question: Can a landlord evict a tenant for criminal activity? This includes: criminal or illegal activity generally; committing a specific crime or illegal act; the use, possession, or sale of controlled substances; an unlawful action causing serious physical harm to another person; or criminal nuisance.

Clarification note: ""Landlord"" means private landlord. ""Tenant"" means unsubsidized, unregulated residential tenant with a written lease. Read ""includes"" as ""includes only"". Disregard proceedings by a co-tenant or public official. Answer under New York State statute only.

Explain your reasoning using the IRAC framework:
- Issue: the precise legal question raised by the facts
- Rule: the governing housing/eviction rule in New York
- Application: apply the rule to the question
- Conclusion: the resulting Yes/No determination

Respond ONLY with a valid JSON object in exactly this format, and nothing else: {""issue"": ""<the legal issue>"", ""rule"": ""<the applicable legal rule>"", ""application"": ""<application of rule to the question>"", ""conclusion"": ""<short statement of outcome>"", ""answer"": ""<Yes or No>""}",Yes,,"Whether a private landlord may evict an unsubsidized, unregulated residential tenant with a written lease for criminal or illegal activity under New York State statute.","Under New York Real Property Actions and Proceedings Law (RPAPL), particularly RPAPL 711 and RPAPL 715, and Real Property Law provisions, a landlord may commence a summary holdover proceeding to remove a tenant who uses the premises for illegal purposes, including the use, possession, or sale of controlled substances or maintaining a criminal nuisance. RPAPL 711(5) permits eviction where the premises are used for illegal trade, business, or manufacture. Bawdy-house and drug-related laws (RPAPL 715, RPL 231) also authorize proceedings, though RPAPL 715 is typically invoked by public officials or aggrieved persons. A landlord may also enforce lease provisions prohibiting criminal conduct.","A private landlord holding a written lease can invoke RPAPL 711(5) and related statutes to evict a tenant who uses the premises for illegal activity, such as the use, possession, or sale of controlled substances, or who maintains a criminal nuisance or commits illegal acts on the premises. These statutes authorize summary holdover proceedings against tenants engaged in illegal conduct, and the landlord may also rely on lease clauses prohibiting criminal activity. Thus the categories of criminal or illegal activity, specific crimes, controlled substances, unlawful harm, and criminal nuisance fall within the landlord's ability to seek eviction under New York State statute.",A private landlord may evict a tenant for criminal or illegal activity under New York State statute.,True
912,"Can a landlord evict a tenant for endangering another person? This includes instances when the law allows for eviction of a tenant if: their behavior or the behavior of members of their family adversely affects the health or safety of other tenants, or the landlord or their representatives; the tenant or a guest are a perpetrator of violence; or the presence of a domestic violence offender at the tenant's premises results in violent disturbances that pose a threat to the safety of other residents.",California,190,No,"""Landlord"" means private landlord. ""Tenant"" means unsubsidized, unregulated residential tenant with a written lease. Read ""includes"" as ""includes only"". Answer under California state statute only. Assume the domestic violence offender is not trespassing. ","Answer the following Yes/No question about housing law in California, based on the law as it stood in 2021.

Question: Can a landlord evict a tenant for endangering another person? This includes instances when the law allows for eviction of a tenant if: their behavior or the behavior of members of their family adversely affects the health or safety of other tenants, or the landlord or their representatives; the tenant or a guest are a perpetrator of violence; or the presence of a domestic violence offender at the tenant's premises results in violent disturbances that pose a threat to the safety of other residents.

Clarification note: ""Landlord"" means private landlord. ""Tenant"" means unsubsidized, unregulated residential tenant with a written lease. Read ""includes"" as ""includes only"". Answer under California state statute only. Assume the domestic violence offender is not trespassing.

Respond ONLY with a valid JSON object in exactly this format, and nothing else: {""answer"": ""<Yes or No>""}",No,,,,,,"Answer the following Yes/No question about housing law in California, based on the law as it stood in 2021.

Question: Can a landlord evict a tenant for endangering another person? This includes instances when the law allows for eviction of a tenant if: their behavior or the behavior of members of their family adversely affects the health or safety of other tenants, or the landlord or their representatives; the tenant or a guest are a perpetrator of violence; or the presence of a domestic violence offender at the tenant's premises results in violent disturbances that pose a threat to the safety of other residents.

Clarification note: ""Landlord"" means private landlord. ""Tenant"" means unsubsidized, unregulated residential tenant with a written lease. Read ""includes"" as ""includes only"". Answer under California state statute only. Assume the domestic violence offender is not trespassing.

Explain your reasoning briefly, in continuous prose.

Respond ONLY with a valid JSON object in exactly this format, and nothing else: {""reasoning"": ""<brief prose reasoning>"", ""answer"": ""<Yes or No>""}",Yes,"Under California law, a landlord can pursue eviction based on nuisance or conduct that endangers health and safety. California Code of Civil Procedure section 1161(4) permits eviction of a tenant who commits a nuisance or uses the premises for an unlawful purpose. Conduct that adversely affects the health or safety of other tenants or the landlord constitutes a nuisance. Additionally, violent behavior by a tenant or guest, or violent disturbances arising from the presence of a domestic violence offender that threaten other residents, can support eviction as a nuisance endangering others. Thus, the law does allow eviction in these enumerated circumstances involving endangerment of another person.",,,,,"Answer the following Yes/No question about housing law in California, based on the law as it stood in 2021.

Question: Can a landlord evict a tenant for endangering another person? This includes instances when the law allows for eviction of a tenant if: their behavior or the behavior of members of their family adversely affects the health or safety of other tenants, or the landlord or their representatives; the tenant or a guest are a perpetrator of violence; or the presence of a domestic violence offender at the tenant's premises results in violent disturbances that pose a threat to the safety of other residents.

Clarification note: ""Landlord"" means private landlord. ""Tenant"" means unsubsidized, unregulated residential tenant with a written lease. Read ""includes"" as ""includes only"". Answer under California state statute only. Assume the domestic violence offender is not trespassing.

Explain your reasoning using the IRAC framework:
- Issue: the precise legal question raised by the facts
- Rule: the governing housing/eviction rule in California
- Application: apply the rule to the question
- Conclusion: the resulting Yes/No determination

Respond ONLY with a valid JSON object in exactly this format, and nothing else: {""issue"": ""<the legal issue>"", ""rule"": ""<the applicable legal rule>"", ""application"": ""<application of rule to the question>"", ""conclusion"": ""<short statement of outcome>"", ""answer"": ""<Yes or No>""}",Yes,,"Whether, under California state statute, a private landlord may evict an unsubsidized, unregulated residential tenant with a written lease for conduct that endangers another person, specifically where the tenant's or their family's behavior adversely affects the health or safety of other tenants or the landlord/representatives, where the tenant or guest perpetrates violence, or where the presence of a domestic violence offender results in violent disturbances threatening other residents' safety.","Under the Tenant Protection Act of 2019 (Civil Code section 1946.2), a landlord may terminate a tenancy for 'just cause,' which includes both at-fault and no-fault causes. At-fault just cause under section 1946.2(b)(1) incorporates grounds analogous to Code of Civil Procedure section 1161, including criminal activity and nuisance. More broadly, California unlawful detainer law (CCP section 1161(4)) permits eviction where a tenant commits a nuisance or maintains conditions that endanger the health or safety of others, and where the tenant or a guest engages in violent or threatening conduct on the premises. These provisions allow eviction for behavior endangering other tenants, the landlord, or their representatives, for perpetration of violence by the tenant or guest, and for violent disturbances arising from a domestic violence offender's presence that threaten other residents.","The listed grounds—behavior of the tenant or their family members adversely affecting the health or safety of other tenants, the landlord, or their representatives; the tenant or a guest perpetrating violence; and the presence of a domestic violence offender causing violent disturbances threatening other residents' safety—all fall within at-fault just cause and nuisance/endangerment grounds recognized under California statute. Each scenario involves conduct that either constitutes a nuisance, criminal or violent activity, or an endangerment of the safety of others on the premises, all of which are recognized statutory bases for terminating an unregulated tenant's tenancy. Because the domestic violence offender is not trespassing but their presence still results in violent disturbances threatening other residents, this constitutes tenant-associated conduct endangering others, supporting eviction.",A private landlord may evict such a tenant for endangering another person under the described circumstances.,False
1007,"Can a landlord evict a tenant for endangering another person? This includes instances when the law allows for eviction of a tenant if: their behavior or the behavior of members of their family adversely affects the health or safety of other tenants, or the landlord or their representatives; the tenant or a guest are a perpetrator of violence; or the presence of a domestic violence offender at the tenant's premises results in violent disturbances that pose a threat to the safety of other residents.",Florida,190,No,"""Landlord"" means private landlord. ""Tenant"" means unsubsidized, unregulated residential tenant with a written lease. Read ""includes"" as ""includes only"". Answer under Florida state statute only. Assume the domestic violence offender is not trespassing. ","Answer the following Yes/No question about housing law in Florida, based on the law as it stood in 2021.

Question: Can a landlord evict a tenant for endangering another person? This includes instances when the law allows for eviction of a tenant if: their behavior or the behavior of members of their family adversely affects the health or safety of other tenants, or the landlord or their representatives; the tenant or a guest are a perpetrator of violence; or the presence of a domestic violence offender at the tenant's premises results in violent disturbances that pose a threat to the safety of other residents.

Clarification note: ""Landlord"" means private landlord. ""Tenant"" means unsubsidized, unregulated residential tenant with a written lease. Read ""includes"" as ""includes only"". Answer under Florida state statute only. Assume the domestic violence offender is not trespassing.

Respond ONLY with a valid JSON object in exactly this format, and nothing else: {""answer"": ""<Yes or No>""}",No,,,,,,"Answer the following Yes/No question about housing law in Florida, based on the law as it stood in 2021.

Question: Can a landlord evict a tenant for endangering another person? This includes instances when the law allows for eviction of a tenant if: their behavior or the behavior of members of their family adversely affects the health or safety of other tenants, or the landlord or their representatives; the tenant or a guest are a perpetrator of violence; or the presence of a domestic violence offender at the tenant's premises results in violent disturbances that pose a threat to the safety of other residents.

Clarification note: ""Landlord"" means private landlord. ""Tenant"" means unsubsidized, unregulated residential tenant with a written lease. Read ""includes"" as ""includes only"". Answer under Florida state statute only. Assume the domestic violence offender is not trespassing.

Explain your reasoning briefly, in continuous prose.

Respond ONLY with a valid JSON object in exactly this format, and nothing else: {""reasoning"": ""<brief prose reasoning>"", ""answer"": ""<Yes or No>""}",No,"Under Florida Statute 83.56(2), a landlord may terminate a lease for noncompliance materially affecting health and safety. Specifically, section 83.56(2)(a) allows termination with a 7-day non-curable notice for conduct such as destruction, damage, or misuse of the landlord's or other tenants' property, or intentional destruction, or conduct that constitutes a serious violation posing a threat to health and safety. Florida law permits eviction where a tenant's behavior, or that of family members or guests, adversely affects the health or safety of other tenants or the landlord. However, the specific enumerated scenario regarding a domestic violence offender's presence resulting in violent disturbances threatening other residents is not a distinct statutory ground under Florida's private-landlord eviction statute; such provisions appear in subsidized/public housing contexts (federal HUD rules), not the general Chapter 83 residential landlord-tenant statute. Because the question uses 'includes only' and bundles a scenario not covered by Florida state statute for unsubsidized private tenancies, the composite grounds are not fully authorized.",,,,,"Answer the following Yes/No question about housing law in Florida, based on the law as it stood in 2021.

Question: Can a landlord evict a tenant for endangering another person? This includes instances when the law allows for eviction of a tenant if: their behavior or the behavior of members of their family adversely affects the health or safety of other tenants, or the landlord or their representatives; the tenant or a guest are a perpetrator of violence; or the presence of a domestic violence offender at the tenant's premises results in violent disturbances that pose a threat to the safety of other residents.

Clarification note: ""Landlord"" means private landlord. ""Tenant"" means unsubsidized, unregulated residential tenant with a written lease. Read ""includes"" as ""includes only"". Answer under Florida state statute only. Assume the domestic violence offender is not trespassing.

Explain your reasoning using the IRAC framework:
- Issue: the precise legal question raised by the facts
- Rule: the governing housing/eviction rule in Florida
- Application: apply the rule to the question
- Conclusion: the resulting Yes/No determination

Respond ONLY with a valid JSON object in exactly this format, and nothing else: {""issue"": ""<the legal issue>"", ""rule"": ""<the applicable legal rule>"", ""application"": ""<application of rule to the question>"", ""conclusion"": ""<short statement of outcome>"", ""answer"": ""<Yes or No>""}",Yes,,"Whether, under Florida statute, a private landlord may evict an unsubsidized, unregulated residential tenant with a written lease for conduct endangering the health or safety of others, where 'endangering another person' includes only (1) behavior of the tenant or family members that adversely affects the health or safety of other tenants, the landlord, or the landlord's representatives; (2) the tenant or a guest perpetrating violence; or (3) the presence of a domestic violence offender at the premises causing violent disturbances threatening other residents' safety.","Florida Statutes Chapter 83, Part II (the Florida Residential Landlord and Tenant Act), governs private residential tenancies. Section 83.56(2)(a) permits a landlord to terminate the tenancy and evict where the tenant materially fails to comply with statutory obligations under s. 83.52 or material provisions of the lease. Section 83.52(7) requires the tenant to conduct himself, and require guests to conduct themselves, in a manner that does not unreasonably disturb the tenant's neighbors or constitute a breach of the peace. Noncompliance of a nature that the tenant cannot cure (such as intentional destruction, damage, or misuse of property, or conduct in violation of s. 83.52 or the lease) permits termination on seven days' written notice without an opportunity to cure under s. 83.56(2)(a).","Chapter 83's noncompliance provisions reach conduct endangering others. Behavior of the tenant or family members adversely affecting the health or safety of other tenants, the landlord, or the landlord's representatives constitutes a breach of the peace and unreasonable disturbance under s. 83.52(7), and can be treated as noncurable noncompliance under s. 83.56(2)(a), supporting eviction. Violence perpetrated by the tenant or a guest likewise breaches s. 83.52(7)'s prohibition on breaches of the peace, since the tenant is responsible for guests' conduct, permitting eviction. Where a domestic violence offender's presence at the premises results in violent disturbances threatening other residents' safety, this again constitutes conduct that disturbs neighbors and breaches the peace attributable to the tenant's household, providing statutory grounds for termination and eviction. Each of the three enumerated categories therefore falls within the landlord's statutory authority to evict for material noncompliance affecting health, safety, and the peace of others.",A private Florida landlord may evict a tenant with a written lease in each of the described endangerment scenarios under Chapter 83.,False
1450,"Can a landlord evict a tenant for material breach? The law should explicitly mention ""material breach"", or allow for eviction if there is a substantial violation of the lease, material noncompliance with the lease, or when the breach is one that materially affects health, safety or welfare",New York,181,No,"""Landlord"" means private landlord. ""Tenant"" means unsubsidized, unregulated residential tenant with a written lease. ""Law"" means any statute applicable in all or part of New York State.","Answer the following Yes/No question about housing law in New York, based on the law as it stood in 2021.

Question: Can a landlord evict a tenant for material breach? The law should explicitly mention ""material breach"", or allow for eviction if there is a substantial violation of the lease, material noncompliance with the lease, or when the breach is one that materially affects health, safety or welfare

Clarification note: ""Landlord"" means private landlord. ""Tenant"" means unsubsidized, unregulated residential tenant with a written lease. ""Law"" means any statute applicable in all or part of New York State.

Respond ONLY with a valid JSON object in exactly this format, and nothing else: {""answer"": ""<Yes or No>""}",No,,,,,,"Answer the following Yes/No question about housing law in New York, based on the law as it stood in 2021.

Question: Can a landlord evict a tenant for material breach? The law should explicitly mention ""material breach"", or allow for eviction if there is a substantial violation of the lease, material noncompliance with the lease, or when the breach is one that materially affects health, safety or welfare

Clarification note: ""Landlord"" means private landlord. ""Tenant"" means unsubsidized, unregulated residential tenant with a written lease. ""Law"" means any statute applicable in all or part of New York State.

Explain your reasoning briefly, in continuous prose.

Respond ONLY with a valid JSON object in exactly this format, and nothing else: {""reasoning"": ""<brief prose reasoning>"", ""answer"": ""<Yes or No>""}",Yes,"Under New York law, a landlord may commence a holdover proceeding to evict a tenant who breaches a substantial obligation of the tenancy. RPAPL 711(1) permits summary eviction proceedings, and the recognized ground of a tenant violating a 'substantial obligation of the tenancy' functions as the material breach standard. A landlord serving a proper notice to cure and notice of termination can pursue eviction where the tenant has committed a substantial (material) violation of the lease terms. This satisfies the requirement that the law allow eviction for a substantial violation or material noncompliance with the lease.",,,,,"Answer the following Yes/No question about housing law in New York, based on the law as it stood in 2021.

Question: Can a landlord evict a tenant for material breach? The law should explicitly mention ""material breach"", or allow for eviction if there is a substantial violation of the lease, material noncompliance with the lease, or when the breach is one that materially affects health, safety or welfare

Clarification note: ""Landlord"" means private landlord. ""Tenant"" means unsubsidized, unregulated residential tenant with a written lease. ""Law"" means any statute applicable in all or part of New York State.

Explain your reasoning using the IRAC framework:
- Issue: the precise legal question raised by the facts
- Rule: the governing housing/eviction rule in New York
- Application: apply the rule to the question
- Conclusion: the resulting Yes/No determination

Respond ONLY with a valid JSON object in exactly this format, and nothing else: {""issue"": ""<the legal issue>"", ""rule"": ""<the applicable legal rule>"", ""application"": ""<application of rule to the question>"", ""conclusion"": ""<short statement of outcome>"", ""answer"": ""<Yes or No>""}",No,,"Whether a private landlord can evict an unsubsidized, unregulated residential tenant with a written lease for a material breach or substantial violation of the lease under New York statutory law as it stood in 2021.","Under New York's Real Property Actions and Proceedings Law (RPAPL) and Real Property Law (RPL), a landlord may commence a summary holdover proceeding to evict a tenant who violates the terms of the lease. RPAPL 711(1) permits a holdover proceeding where the tenant continues in possession after a default in performing the conditions or covenants of the lease. Where a lease contains a provision permitting termination upon breach, RPL 235-e and RPAPL 753 (as amended by the Housing Stability and Tenant Protection Act of 2019) require the landlord to serve a written notice giving the tenant an opportunity to cure a breach of lease. RPAPL 753(4) specifically provides tenants a ten-day cure period for lease violations in residential holdover proceedings.","For an unregulated, unsubsidized residential tenant with a written lease, the statutory scheme allows a landlord to bring a holdover proceeding based on the tenant's default or violation of the lease covenants. RPAPL 711(1) and 753 contemplate eviction for lease violations, and RPAPL 753(4) grants a cure period for such breaches, confirming that a breach or violation of the lease is a recognized statutory basis for eviction. However, the statutes generally reference a 'breach' or 'default' or 'violation' of the lease conditions rather than using the specific terminology 'material breach,' 'substantial violation,' 'material noncompliance,' or a breach 'materially affecting health, safety or welfare.' The applicable New York statutes do not explicitly employ these qualifying materiality terms as the standard for eviction.","Because the governing New York statutes permit eviction for lease violations but do not explicitly use the terms 'material breach,' 'substantial violation,' 'material noncompliance,' or a breach 'materially affecting health, safety or welfare,' the specific statutory requirement in the question is not met.",False
1449,Can a landlord evict a tenant for material falsification on the rental application?,New York,71,No,"Read as whether a New York State statute explicitly allows a private landlord to evict a unsubsidized, unregulated residential tenant with a written lease for material falsification on the rental application.","Answer the following Yes/No question about housing law in New York, based on the law as it stood in 2021.

Question: Can a landlord evict a tenant for material falsification on the rental application?

Clarification note: Read as whether a New York State statute explicitly allows a private landlord to evict a unsubsidized, unregulated residential tenant with a written lease for material falsification on the rental application.

Respond ONLY with a valid JSON object in exactly this format, and nothing else: {""answer"": ""<Yes or No>""}",No,,,,,,"Answer the following Yes/No question about housing law in New York, based on the law as it stood in 2021.

Question: Can a landlord evict a tenant for material falsification on the rental application?

Clarification note: Read as whether a New York State statute explicitly allows a private landlord to evict a unsubsidized, unregulated residential tenant with a written lease for material falsification on the rental application.

Explain your reasoning briefly, in continuous prose.

Respond ONLY with a valid JSON object in exactly this format, and nothing else: {""reasoning"": ""<brief prose reasoning>"", ""answer"": ""<Yes or No>""}",No,"The question asks specifically whether a New York State statute explicitly authorizes a private landlord to evict an unsubsidized, unregulated residential tenant who has a written lease based on material falsification of the rental application. New York's statutory grounds for eviction, such as those under RPAPL Article 7 (summary proceedings) and the Real Property Law, focus on nonpayment of rent and holdover situations (lease expiration or breach of lease terms). While a landlord might pursue eviction for breach of a lease provision if the lease itself prohibits application falsification, there is no New York State statute that explicitly names material falsification of a rental application as a distinct statutory ground for eviction of such a tenant. Explicit provisions addressing application misrepresentation tend to appear in the context of subsidized or regulated housing programs, not general unregulated tenancies.",,,,,"Answer the following Yes/No question about housing law in New York, based on the law as it stood in 2021.

Question: Can a landlord evict a tenant for material falsification on the rental application?

Clarification note: Read as whether a New York State statute explicitly allows a private landlord to evict a unsubsidized, unregulated residential tenant with a written lease for material falsification on the rental application.

Explain your reasoning using the IRAC framework:
- Issue: the precise legal question raised by the facts
- Rule: the governing housing/eviction rule in New York
- Application: apply the rule to the question
- Conclusion: the resulting Yes/No determination

Respond ONLY with a valid JSON object in exactly this format, and nothing else: {""issue"": ""<the legal issue>"", ""rule"": ""<the applicable legal rule>"", ""application"": ""<application of rule to the question>"", ""conclusion"": ""<short statement of outcome>"", ""answer"": ""<Yes or No>""}",No,,"Whether a New York State statute explicitly authorizes a private landlord to evict an unsubsidized, unregulated residential tenant holding a written lease on the ground that the tenant materially falsified the rental application.","In New York, summary eviction proceedings are governed by RPAPL Article 7 (primarily RPAPL 711 for holdover proceedings and RPAPL 711(2) for nonpayment). RPAPL 711 permits eviction of a tenant under a written lease chiefly for nonpayment of rent, holding over after expiration of the lease term, or breach of a lease provision that the lease itself makes a ground for termination. There is no New York State statute that explicitly names 'material falsification on a rental application' as an independent ground for eviction of a private, unregulated tenant; eviction on that basis would instead depend on lease terms and general contract/holdover principles rather than an explicit statutory ground.","The question asks specifically whether a New York State statute explicitly allows eviction for material falsification of a rental application. While a landlord might potentially pursue a holdover based on a lease clause treating the application's accuracy as a material condition, that route derives from the lease agreement, not from any statute that names application falsification as a ground. RPAPL 711 and related provisions enumerate grounds such as nonpayment and holding over, but none explicitly identifies material falsification of the rental application as a statutory basis for eviction of an unsubsidized, unregulated tenant. Because the clarification requires an explicit statutory authorization, the absence of such a statute is dispositive.",No New York State statute explicitly authorizes eviction of such a tenant for material falsification on the rental application.,True
1001,"Can a landlord evict a tenant for nuisance activity? This includes: maintaining, committing, or permitting the maintenance or commission of a nuisance; conduct that disturbs a neighbor's or another tenant's peaceful enjoyment of their premises; causing a serious health hazard to exist on the property; or for misuse of property.",Florida,162,Yes,"""Landlord"" means private landlord. ""Tenant"" means unsubsidized, unregulated residential tenant with a written lease. Read ""includes"" as ""includes only"". Answer under Florida state statute only.","Answer the following Yes/No question about housing law in Florida, based on the law as it stood in 2021.

Question: Can a landlord evict a tenant for nuisance activity? This includes: maintaining, committing, or permitting the maintenance or commission of a nuisance; conduct that disturbs a neighbor's or another tenant's peaceful enjoyment of their premises; causing a serious health hazard to exist on the property; or for misuse of property.

Clarification note: ""Landlord"" means private landlord. ""Tenant"" means unsubsidized, unregulated residential tenant with a written lease. Read ""includes"" as ""includes only"". Answer under Florida state statute only.

Respond ONLY with a valid JSON object in exactly this format, and nothing else: {""answer"": ""<Yes or No>""}",Yes,,,,,,"Answer the following Yes/No question about housing law in Florida, based on the law as it stood in 2021.

Question: Can a landlord evict a tenant for nuisance activity? This includes: maintaining, committing, or permitting the maintenance or commission of a nuisance; conduct that disturbs a neighbor's or another tenant's peaceful enjoyment of their premises; causing a serious health hazard to exist on the property; or for misuse of property.

Clarification note: ""Landlord"" means private landlord. ""Tenant"" means unsubsidized, unregulated residential tenant with a written lease. Read ""includes"" as ""includes only"". Answer under Florida state statute only.

Explain your reasoning briefly, in continuous prose.

Respond ONLY with a valid JSON object in exactly this format, and nothing else: {""reasoning"": ""<brief prose reasoning>"", ""answer"": ""<Yes or No>""}",Yes,"Under Florida Statute § 83.56, a landlord may terminate a rental agreement if the tenant fails to comply with material provisions of the lease or with statutory obligations under § 83.52. Section 83.52 requires tenants to conduct themselves and their guests in a manner that does not unreasonably disturb neighbors or constitute a breach of the peace, and to comply with health and safety obligations. For noncurable violations such as intentional destruction of property or continued unreasonable disturbances, § 83.56(2)(a) allows the landlord to serve a 7-day notice of termination without an opportunity to cure. Nuisance activity, disturbing neighbors' peaceful enjoyment, creating serious health hazards, and misuse of property all fall within these statutory grounds, so a landlord can evict a tenant on this basis.",,,,,"Answer the following Yes/No question about housing law in Florida, based on the law as it stood in 2021.

Question: Can a landlord evict a tenant for nuisance activity? This includes: maintaining, committing, or permitting the maintenance or commission of a nuisance; conduct that disturbs a neighbor's or another tenant's peaceful enjoyment of their premises; causing a serious health hazard to exist on the property; or for misuse of property.

Clarification note: ""Landlord"" means private landlord. ""Tenant"" means unsubsidized, unregulated residential tenant with a written lease. Read ""includes"" as ""includes only"". Answer under Florida state statute only.

Explain your reasoning using the IRAC framework:
- Issue: the precise legal question raised by the facts
- Rule: the governing housing/eviction rule in Florida
- Application: apply the rule to the question
- Conclusion: the resulting Yes/No determination

Respond ONLY with a valid JSON object in exactly this format, and nothing else: {""issue"": ""<the legal issue>"", ""rule"": ""<the applicable legal rule>"", ""application"": ""<application of rule to the question>"", ""conclusion"": ""<short statement of outcome>"", ""answer"": ""<Yes or No>""}",Yes,,"Whether a private landlord may evict an unsubsidized residential tenant with a written lease for nuisance activity, including maintaining/permitting a nuisance, disturbing others' peaceful enjoyment, causing a serious health hazard, or misuse of property.","Under Fla. Stat. § 83.56(2)(a), a landlord may terminate a rental agreement if the tenant materially fails to comply with statutory obligations under § 83.52 or material lease provisions of a nature that the noncompliance cannot be cured by the tenant. Such noncurable violations include destruction, damage, or misuse of the landlord's or other tenants' property by intentional act or a subsequent or continued unreasonable disturbance. In such cases the landlord may deliver a 7-day notice specifying the noncompliance and the landlord's intent to terminate, allowing eviction. Section 83.52 requires tenants to comply with building/housing codes materially affecting health and safety and to conduct themselves and require others on the premises to conduct themselves in a manner that does not unreasonably disturb neighbors or constitute a breach of the peace.","The enumerated conduct—maintaining or permitting a nuisance, disturbing a neighbor's or other tenant's peaceful enjoyment, causing a serious health hazard, and misuse of property—falls within noncurable material noncompliance under § 83.56(2)(a) and the tenant duties under § 83.52. Disturbances of peaceful enjoyment and breaches of the peace, serious health hazards affecting health and safety, and intentional misuse of property are precisely the types of violations the statute permits a landlord to address by issuing a 7-day notice of termination, after which the landlord may pursue eviction. Because these violations are of a nature that cannot be cured, the landlord may terminate and evict.",A private landlord may evict a tenant for the described nuisance activities under Florida statute.,True
1096,"Can a landlord evict a tenant for nuisance activity? This includes: maintaining, committing, or permitting the maintenance or commission of a nuisance; conduct that disturbs a neighbor's or another tenant's peaceful enjoyment of their premises; causing a serious health hazard to exist on the property; or for misuse of property.",Illinois,162,No,"""Landlord"" means private landlord. ""Tenant"" means unsubsidized, unregulated residential tenant with a written lease. Read ""includes"" as ""includes only"". Answer under Illinois state statute only.","Answer the following Yes/No question about housing law in Illinois, based on the law as it stood in 2021.

Question: Can a landlord evict a tenant for nuisance activity? This includes: maintaining, committing, or permitting the maintenance or commission of a nuisance; conduct that disturbs a neighbor's or another tenant's peaceful enjoyment of their premises; causing a serious health hazard to exist on the property; or for misuse of property.

Clarification note: ""Landlord"" means private landlord. ""Tenant"" means unsubsidized, unregulated residential tenant with a written lease. Read ""includes"" as ""includes only"". Answer under Illinois state statute only.

Respond ONLY with a valid JSON object in exactly this format, and nothing else: {""answer"": ""<Yes or No>""}",No,,,,,,"Answer the following Yes/No question about housing law in Illinois, based on the law as it stood in 2021.

Question: Can a landlord evict a tenant for nuisance activity? This includes: maintaining, committing, or permitting the maintenance or commission of a nuisance; conduct that disturbs a neighbor's or another tenant's peaceful enjoyment of their premises; causing a serious health hazard to exist on the property; or for misuse of property.

Clarification note: ""Landlord"" means private landlord. ""Tenant"" means unsubsidized, unregulated residential tenant with a written lease. Read ""includes"" as ""includes only"". Answer under Illinois state statute only.

Explain your reasoning briefly, in continuous prose.

Respond ONLY with a valid JSON object in exactly this format, and nothing else: {""reasoning"": ""<brief prose reasoning>"", ""answer"": ""<Yes or No>""}",No,"Under Illinois state statute, the Forcible Entry and Detainer Act (735 ILCS 5/9-101 et seq.) governs evictions. While Illinois law provides for eviction based on breach of lease terms and nonpayment of rent, and there are specific statutory provisions addressing certain criminal or drug-related activity, the general Illinois eviction statute does not itself enumerate the specific list of nuisance-type grounds described here (maintaining a nuisance, disturbing neighbors' peaceful enjoyment, serious health hazards, or misuse of property) as standalone statutory bases for eviction for a private, unregulated tenant. Such nuisance-related grounds would typically arise from lease covenant provisions and be enforced as a lease breach rather than being independently authorized by statute. Reading 'includes' as 'includes only' and confining the analysis strictly to Illinois state statute, these enumerated nuisance grounds are not statutorily provided as eviction bases.",,,,,"Answer the following Yes/No question about housing law in Illinois, based on the law as it stood in 2021.

Question: Can a landlord evict a tenant for nuisance activity? This includes: maintaining, committing, or permitting the maintenance or commission of a nuisance; conduct that disturbs a neighbor's or another tenant's peaceful enjoyment of their premises; causing a serious health hazard to exist on the property; or for misuse of property.

Clarification note: ""Landlord"" means private landlord. ""Tenant"" means unsubsidized, unregulated residential tenant with a written lease. Read ""includes"" as ""includes only"". Answer under Illinois state statute only.

Explain your reasoning using the IRAC framework:
- Issue: the precise legal question raised by the facts
- Rule: the governing housing/eviction rule in Illinois
- Application: apply the rule to the question
- Conclusion: the resulting Yes/No determination

Respond ONLY with a valid JSON object in exactly this format, and nothing else: {""issue"": ""<the legal issue>"", ""rule"": ""<the applicable legal rule>"", ""application"": ""<application of rule to the question>"", ""conclusion"": ""<short statement of outcome>"", ""answer"": ""<Yes or No>""}",No,,"Whether a private landlord may evict an unsubsidized, unregulated residential tenant with a written lease for nuisance activity, including maintaining or permitting a nuisance, disturbing another tenant's peaceful enjoyment, causing a serious health hazard, or misuse of property.","Illinois eviction actions are governed by the Eviction Act (735 ILCS 5/9-101 et seq.). Under 735 ILCS 5/9-118 and related provisions, landlords may pursue eviction based on lease violations, and the Forcible Entry and Detainer/Eviction framework recognizes certain nuisance-based grounds. However, the specific enumerated nuisance grounds described (nuisance, disturbing peaceful enjoyment, serious health hazard, misuse of property) are expressly set out in the Illinois statute governing eviction of subsidized/public housing tenants (e.g., under provisions tied to controlled substances/nuisance and specific statutory grounds). For a purely private, unregulated tenancy with a written lease, the general Eviction Act does not itself enumerate these specific nuisance grounds; eviction instead depends on breach of the lease terms and notice provisions (e.g., 735 ILCS 5/9-210 for lease violations), not a freestanding statutory nuisance ground.","The question asks only about Illinois state statute and reads 'includes' as an exhaustive list of specific nuisance grounds. While a landlord could evict a private tenant for these behaviors if the written lease prohibits them (as a breach of lease under the Eviction Act), Illinois statute does not provide a standalone statutory nuisance-based eviction ground for private, unregulated tenants independent of lease terms. The enumerated nuisance grounds framed in the question track statutory provisions applicable to subsidized/regulated housing rather than the general private-tenant eviction statute. Absent a lease clause, the state statute alone does not authorize eviction on these specific enumerated nuisance grounds for this tenant category.","Under Illinois statute alone, a private landlord cannot evict an unregulated tenant on these specific enumerated nuisance grounds independent of the lease.",True
1704,"Can a landlord evict a tenant for nuisance activity? This includes: maintaining, committing, or permitting the maintenance or commission of a nuisance; conduct that disturbs a neighbor's or another tenant's peaceful enjoyment of their premises; causing a serious health hazard to exist on the property; or for misuse of property.",Texas,162,Yes,"""Landlord"" means private landlord. ""Tenant"" means unsubsidized, unregulated residential tenant with a written lease. Read ""includes"" as ""includes only"". Answer under Texas state statute. Disregard nuisance abatement proceedings by public officials.","Answer the following Yes/No question about housing law in Texas, based on the law as it stood in 2021.

Question: Can a landlord evict a tenant for nuisance activity? This includes: maintaining, committing, or permitting the maintenance or commission of a nuisance; conduct that disturbs a neighbor's or another tenant's peaceful enjoyment of their premises; causing a serious health hazard to exist on the property; or for misuse of property.

Clarification note: ""Landlord"" means private landlord. ""Tenant"" means unsubsidized, unregulated residential tenant with a written lease. Read ""includes"" as ""includes only"". Answer under Texas state statute. Disregard nuisance abatement proceedings by public officials.

Respond ONLY with a valid JSON object in exactly this format, and nothing else: {""answer"": ""<Yes or No>""}",Yes,,,,,,"Answer the following Yes/No question about housing law in Texas, based on the law as it stood in 2021.

Question: Can a landlord evict a tenant for nuisance activity? This includes: maintaining, committing, or permitting the maintenance or commission of a nuisance; conduct that disturbs a neighbor's or another tenant's peaceful enjoyment of their premises; causing a serious health hazard to exist on the property; or for misuse of property.

Clarification note: ""Landlord"" means private landlord. ""Tenant"" means unsubsidized, unregulated residential tenant with a written lease. Read ""includes"" as ""includes only"". Answer under Texas state statute. Disregard nuisance abatement proceedings by public officials.

Explain your reasoning briefly, in continuous prose.

Respond ONLY with a valid JSON object in exactly this format, and nothing else: {""reasoning"": ""<brief prose reasoning>"", ""answer"": ""<Yes or No>""}",No,"Under Texas law, a residential lease is a contract, and eviction (forcible detainer) is generally available when a tenant breaches the lease or holds over. Texas Property Code Chapter 24 governs eviction procedures, but the substantive grounds typically derive from the lease terms and default provisions in Chapter 92. While Chapter 92 addresses certain landlord and tenant obligations, Texas statute does not expressly enumerate 'nuisance,' 'disturbing a neighbor's peaceful enjoyment,' 'serious health hazard,' or 'misuse of property' as specific statutory grounds authorizing eviction independent of the lease. These grounds commonly appear in subsidized/HUD contexts or in lease agreements rather than as freestanding statutory eviction causes for an unregulated, unsubsidized tenant. Absent a lease provision, Texas statute itself does not provide these enumerated nuisance grounds as a basis for eviction, so as a matter of state statute the answer is No.",,,,,"Answer the following Yes/No question about housing law in Texas, based on the law as it stood in 2021.

Question: Can a landlord evict a tenant for nuisance activity? This includes: maintaining, committing, or permitting the maintenance or commission of a nuisance; conduct that disturbs a neighbor's or another tenant's peaceful enjoyment of their premises; causing a serious health hazard to exist on the property; or for misuse of property.

Clarification note: ""Landlord"" means private landlord. ""Tenant"" means unsubsidized, unregulated residential tenant with a written lease. Read ""includes"" as ""includes only"". Answer under Texas state statute. Disregard nuisance abatement proceedings by public officials.

Explain your reasoning using the IRAC framework:
- Issue: the precise legal question raised by the facts
- Rule: the governing housing/eviction rule in Texas
- Application: apply the rule to the question
- Conclusion: the resulting Yes/No determination

Respond ONLY with a valid JSON object in exactly this format, and nothing else: {""issue"": ""<the legal issue>"", ""rule"": ""<the applicable legal rule>"", ""application"": ""<application of rule to the question>"", ""conclusion"": ""<short statement of outcome>"", ""answer"": ""<Yes or No>""}",Yes,,"Whether a private landlord may evict an unsubsidized, unregulated residential tenant with a written lease for nuisance-related activity, including maintaining or committing a nuisance, disturbing others' peaceful enjoyment, causing a serious health hazard, or misuse of property.","Under Texas law, the landlord-tenant relationship is governed primarily by the written lease and Chapter 24 (forcible detainer/eviction) and Chapter 92 (residential tenancies) of the Texas Property Code. Texas statutes do not enumerate specific 'nuisance' grounds requiring eviction; instead, a landlord may terminate the tenancy and evict a tenant when the tenant breaches the lease or holds over after the lease terminates. If the written lease prohibits nuisance activity, conduct disturbing neighbors, creation of health hazards, or misuse of property, such conduct constitutes a lease violation entitling the landlord to give notice to vacate under Tex. Prop. Code § 24.005 and pursue eviction under Chapter 24. Absent a lease provision or holdover, the statute itself does not independently authorize eviction on these particular nuisance grounds.","Because the tenant here has a written lease, the landlord's ability to evict for nuisance activity, disturbance of neighbors' peaceful enjoyment, serious health hazards, or misuse of property depends on and is enabled by the lease terms. Standard Texas residential leases commonly incorporate such prohibitions, and a breach permits the landlord to deliver a notice to vacate and file a forcible detainer suit under Chapter 24. Thus, Texas law permits eviction for these behaviors when they violate the lease, and the framework of the Property Code supports enforcing such lease-based grounds. The enumerated conduct falls within the type of conduct that Texas landlords may treat as a lease breach warranting eviction.","A private landlord can evict a written-lease tenant for such nuisance activity, generally as a lease violation under the Texas Property Code eviction procedures.",False
7384,Can a tenant request that the issuance of a writ be stayed so that they have more time to pay rent?,New York,214,No,"""Writ"" means warrant of eviction in a nonpayment proceeding. Answer under statutes applicable in all or part of New York State.","Answer the following Yes/No question about housing law in New York, based on the law as it stood in 2021.

Question: Can a tenant request that the issuance of a writ be stayed so that they have more time to pay rent?

Clarification note: ""Writ"" means warrant of eviction in a nonpayment proceeding. Answer under statutes applicable in all or part of New York State.

Respond ONLY with a valid JSON object in exactly this format, and nothing else: {""answer"": ""<Yes or No>""}",Yes,,,,,,"Answer the following Yes/No question about housing law in New York, based on the law as it stood in 2021.

Question: Can a tenant request that the issuance of a writ be stayed so that they have more time to pay rent?

Clarification note: ""Writ"" means warrant of eviction in a nonpayment proceeding. Answer under statutes applicable in all or part of New York State.

Explain your reasoning briefly, in continuous prose.

Respond ONLY with a valid JSON object in exactly this format, and nothing else: {""reasoning"": ""<brief prose reasoning>"", ""answer"": ""<Yes or No>""}",Yes,"Under New York law, specifically RPAPL 751, a tenant in a nonpayment proceeding can pay the full amount of rent due at any time prior to the issuance of the warrant of eviction to stay the proceedings. Additionally, courts have discretionary power under RPAPL 749 and CPLR provisions to stay the issuance or execution of a warrant. New York City and state law also permit courts to grant a stay to allow a tenant time to pay rent, particularly where hardship is shown. Thus a tenant may request that issuance of the warrant be stayed to obtain more time to pay the arrears.",,,,,"Answer the following Yes/No question about housing law in New York, based on the law as it stood in 2021.

Question: Can a tenant request that the issuance of a writ be stayed so that they have more time to pay rent?

Clarification note: ""Writ"" means warrant of eviction in a nonpayment proceeding. Answer under statutes applicable in all or part of New York State.

Explain your reasoning using the IRAC framework:
- Issue: the precise legal question raised by the facts
- Rule: the governing housing/eviction rule in New York
- Application: apply the rule to the question
- Conclusion: the resulting Yes/No determination

Respond ONLY with a valid JSON object in exactly this format, and nothing else: {""issue"": ""<the legal issue>"", ""rule"": ""<the applicable legal rule>"", ""application"": ""<application of rule to the question>"", ""conclusion"": ""<short statement of outcome>"", ""answer"": ""<Yes or No>""}",Yes,,Whether a tenant in a nonpayment summary proceeding may request that the issuance of a warrant of eviction be stayed to allow additional time to pay the rent owed.,"Under RPAPL § 749 and related provisions, a court may stay the issuance or execution of a warrant of eviction. Specifically, RPAPL § 751(1) permits a tenant in a nonpayment proceeding to stay the issuance of the warrant by tendering or depositing the amount of rent due. Courts also retain equitable discretion, and RPAPL § 749(3) allows a stay of execution. A tenant who deposits or pays the rent due (plus costs) can obtain a stay, and courts may grant short adjournments or stays to allow payment.","The question asks whether a tenant can request that issuance of the warrant be stayed so that they have more time to pay rent. New York law expressly provides mechanisms for this: in a nonpayment proceeding, a tenant may seek a stay of the warrant's issuance, and by paying or depositing the rent owed can satisfy the arrears and avoid eviction. Courts have discretion to grant such stays to give tenants time to cure the nonpayment by paying rent. Therefore, a tenant may make such a request.",A tenant may request a stay of the issuance of the warrant to obtain more time to pay rent in a nonpayment proceeding.,True
723,Does state/territory eviction law explicitly regulate residential landlords generally?,New York,197,Yes,"Read as whether every New York State eviction statute explicitly applies to all residential landlords, not just certain kinds. ","Answer the following Yes/No question about housing law in New York, based on the law as it stood in 2021.

Question: Does state/territory eviction law explicitly regulate residential landlords generally?

Clarification note: Read as whether every New York State eviction statute explicitly applies to all residential landlords, not just certain kinds.

Respond ONLY with a valid JSON object in exactly this format, and nothing else: {""answer"": ""<Yes or No>""}",No,,,,,,"Answer the following Yes/No question about housing law in New York, based on the law as it stood in 2021.

Question: Does state/territory eviction law explicitly regulate residential landlords generally?

Clarification note: Read as whether every New York State eviction statute explicitly applies to all residential landlords, not just certain kinds.

Explain your reasoning briefly, in continuous prose.

Respond ONLY with a valid JSON object in exactly this format, and nothing else: {""reasoning"": ""<brief prose reasoning>"", ""answer"": ""<Yes or No>""}",No,"The clarification asks whether every New York eviction statute explicitly applies to all residential landlords rather than only certain categories. New York's eviction framework is not uniformly applicable; various statutes carve out or specifically target particular types of housing, such as rent-stabilized and rent-controlled units, public housing, mobile home parks, and manufactured housing communities, each with distinct rules and protections. Because the eviction laws are fragmented and many provisions apply only to specific classes of landlords or dwellings rather than to all residential landlords generally, the answer under this strict reading is No.",,,,,"Answer the following Yes/No question about housing law in New York, based on the law as it stood in 2021.

Question: Does state/territory eviction law explicitly regulate residential landlords generally?

Clarification note: Read as whether every New York State eviction statute explicitly applies to all residential landlords, not just certain kinds.

Explain your reasoning using the IRAC framework:
- Issue: the precise legal question raised by the facts
- Rule: the governing housing/eviction rule in New York
- Application: apply the rule to the question
- Conclusion: the resulting Yes/No determination

Respond ONLY with a valid JSON object in exactly this format, and nothing else: {""issue"": ""<the legal issue>"", ""rule"": ""<the applicable legal rule>"", ""application"": ""<application of rule to the question>"", ""conclusion"": ""<short statement of outcome>"", ""answer"": ""<Yes or No>""}",No,,"Whether every New York State eviction statute explicitly applies to all residential landlords generally, rather than only to certain categories of landlords or dwellings.","New York eviction law is governed primarily by the Real Property Actions and Proceedings Law (RPAPL) Article 7 (summary proceedings) and the Real Property Law, as amended by the Housing Stability and Tenant Protection Act of 2019. While many provisions apply broadly to residential tenancies, various eviction-related statutes contain carve-outs and specialized rules that apply only to particular categories—such as rent-stabilized or rent-controlled units, mobile home parks, manufactured housing, public housing, or units in certain municipalities—rather than uniformly to all residential landlords.","The question, as clarified, asks whether every New York eviction statute explicitly applies to all residential landlords, not just certain kinds. New York's statutory scheme does not meet this standard uniformly: numerous provisions are limited by geography, building type, regulatory status (e.g., rent regulation), or tenancy type. Because certain eviction statutes are directed at particular subsets of landlords rather than expressly applying to residential landlords generally, the eviction law as a whole does not explicitly regulate all residential landlords in a uniform, general manner.",New York eviction statutes do not all explicitly apply to residential landlords generally; several apply only to certain kinds.,True
151,Does the law directly regulate the amount a landlord can charge as a fee for late rent?,New York,129,Yes,"""Landlord"" means private landlord. ""Tenant"" means unsubsidized, unregulated residential tenant with a written lease containing a late fee provision. ""Directly"" means specifically, not via general contract principles or timing rules.","Answer the following Yes/No question about housing law in New York, based on the law as it stood in 2021.

Question: Does the law directly regulate the amount a landlord can charge as a fee for late rent?

Clarification note: ""Landlord"" means private landlord. ""Tenant"" means unsubsidized, unregulated residential tenant with a written lease containing a late fee provision. ""Directly"" means specifically, not via general contract principles or timing rules.

Respond ONLY with a valid JSON object in exactly this format, and nothing else: {""answer"": ""<Yes or No>""}",Yes,,,,,,"Answer the following Yes/No question about housing law in New York, based on the law as it stood in 2021.

Question: Does the law directly regulate the amount a landlord can charge as a fee for late rent?

Clarification note: ""Landlord"" means private landlord. ""Tenant"" means unsubsidized, unregulated residential tenant with a written lease containing a late fee provision. ""Directly"" means specifically, not via general contract principles or timing rules.

Explain your reasoning briefly, in continuous prose.

Respond ONLY with a valid JSON object in exactly this format, and nothing else: {""reasoning"": ""<brief prose reasoning>"", ""answer"": ""<Yes or No>""}",Yes,"Under New York law, specifically the Housing Stability and Tenant Protection Act of 2019, Real Property Law Section 238-a directly caps late fees for residential tenants. It provides that a landlord may not demand a late fee unless the rent is not paid within five days of when due, and the late fee is limited to the lesser of $50 or 5% of the monthly rent. This is a direct statutory regulation of the amount that can be charged as a late rent fee, applicable to unregulated private residential tenants.",,,,,"Answer the following Yes/No question about housing law in New York, based on the law as it stood in 2021.

Question: Does the law directly regulate the amount a landlord can charge as a fee for late rent?

Clarification note: ""Landlord"" means private landlord. ""Tenant"" means unsubsidized, unregulated residential tenant with a written lease containing a late fee provision. ""Directly"" means specifically, not via general contract principles or timing rules.

Explain your reasoning using the IRAC framework:
- Issue: the precise legal question raised by the facts
- Rule: the governing housing/eviction rule in New York
- Application: apply the rule to the question
- Conclusion: the resulting Yes/No determination

Respond ONLY with a valid JSON object in exactly this format, and nothing else: {""issue"": ""<the legal issue>"", ""rule"": ""<the applicable legal rule>"", ""application"": ""<application of rule to the question>"", ""conclusion"": ""<short statement of outcome>"", ""answer"": ""<Yes or No>""}",Yes,,Whether New York law specifically caps or regulates the dollar amount a private landlord may charge an unregulated residential tenant as a late fee for rent paid after its due date.,"Under Real Property Law § 238-a(2), enacted by the Housing Stability and Tenant Protection Act of 2019, a landlord may not demand a late fee for rent unless the payment is not received within five days of the due date, and any such fee shall not exceed the lesser of $50 or 5% of the monthly rent. This statute directly and specifically limits the amount chargeable as a late fee.","The tenant here is an unsubsidized, unregulated residential tenant with a written lease containing a late fee provision. RPL § 238-a(2) applies to residential leases generally and specifically caps the late fee at the lesser of $50 or 5% of monthly rent, and requires a five-day grace period. This is a direct, statutory limit on the amount of the fee, not merely a general contract or timing principle. Thus, the law directly regulates the amount a landlord can charge as a late rent fee.",New York law directly caps residential late fees at the lesser of $50 or 5% of monthly rent under RPL § 238-a.,True
9223,Does the law regulate circumstances in which eviction records may be expunged?,California,10,No,"""Expunged"" means, inter alia, sealed, masked, restricted from public access, or permanently destroyed. Answer under California state statute only.","Answer the following Yes/No question about housing law in California, based on the law as it stood in 2021.

Question: Does the law regulate circumstances in which eviction records may be expunged?

Clarification note: ""Expunged"" means, inter alia, sealed, masked, restricted from public access, or permanently destroyed. Answer under California state statute only.

Respond ONLY with a valid JSON object in exactly this format, and nothing else: {""answer"": ""<Yes or No>""}",Yes,,,,,,"Answer the following Yes/No question about housing law in California, based on the law as it stood in 2021.

Question: Does the law regulate circumstances in which eviction records may be expunged?

Clarification note: ""Expunged"" means, inter alia, sealed, masked, restricted from public access, or permanently destroyed. Answer under California state statute only.

Explain your reasoning briefly, in continuous prose.

Respond ONLY with a valid JSON object in exactly this format, and nothing else: {""reasoning"": ""<brief prose reasoning>"", ""answer"": ""<Yes or No>""}",Yes,"Under California law as it stood in 2021, unlawful detainer (eviction) records are subject to statutory masking provisions. California Code of Civil Procedure section 1161.2 restricts public access to unlawful detainer court records, generally masking them from public view for 60 days after filing, and permanently sealing or restricting access unless the plaintiff prevails within that period (or in certain other circumstances). This statute regulates the circumstances under which eviction records may be masked or restricted from public access, which falls within the definition of 'expunged' provided.",,,,,"Answer the following Yes/No question about housing law in California, based on the law as it stood in 2021.

Question: Does the law regulate circumstances in which eviction records may be expunged?

Clarification note: ""Expunged"" means, inter alia, sealed, masked, restricted from public access, or permanently destroyed. Answer under California state statute only.

Explain your reasoning using the IRAC framework:
- Issue: the precise legal question raised by the facts
- Rule: the governing housing/eviction rule in California
- Application: apply the rule to the question
- Conclusion: the resulting Yes/No determination

Respond ONLY with a valid JSON object in exactly this format, and nothing else: {""issue"": ""<the legal issue>"", ""rule"": ""<the applicable legal rule>"", ""application"": ""<application of rule to the question>"", ""conclusion"": ""<short statement of outcome>"", ""answer"": ""<Yes or No>""}",Yes,,"Whether California state statute regulates the circumstances under which eviction (unlawful detainer) records may be sealed, masked, restricted from public access, or destroyed.","California Code of Civil Procedure section 1161.2 governs the confidentiality of unlawful detainer court records. Under this statute, the court clerk is prohibited from allowing public access to the records of an unlawful detainer action unless certain conditions are met, most notably where the plaintiff prevails within 60 days of filing. If the defendant prevails, or the plaintiff does not obtain judgment within 60 days, the records remain masked/restricted from public access. The statute thus establishes default confidentiality and specifies when records become accessible.","The question asks whether California law regulates circumstances in which eviction records may be expunged, with 'expunged' defined broadly to include sealing, masking, or restricting from public access. CCP section 1161.2 directly addresses this by masking unlawful detainer records from public access unless the plaintiff prevails within 60 days, thereby regulating the conditions under which eviction records are restricted or made available. This constitutes statutory regulation of the masking/restriction of eviction records.","California statute (CCP 1161.2) regulates the masking and restriction of public access to eviction records, satisfying the broad definition of expungement.",True
9231,Does the law regulate circumstances in which eviction records may be expunged?,Illinois,10,No,"""Expunged"" means, inter alia, sealed, masked, restricted from public access, or permanently destroyed. Answer under Illinois state statute only.","Answer the following Yes/No question about housing law in Illinois, based on the law as it stood in 2021.

Question: Does the law regulate circumstances in which eviction records may be expunged?

Clarification note: ""Expunged"" means, inter alia, sealed, masked, restricted from public access, or permanently destroyed. Answer under Illinois state statute only.

Respond ONLY with a valid JSON object in exactly this format, and nothing else: {""answer"": ""<Yes or No>""}",Yes,,,,,,"Answer the following Yes/No question about housing law in Illinois, based on the law as it stood in 2021.

Question: Does the law regulate circumstances in which eviction records may be expunged?

Clarification note: ""Expunged"" means, inter alia, sealed, masked, restricted from public access, or permanently destroyed. Answer under Illinois state statute only.

Explain your reasoning briefly, in continuous prose.

Respond ONLY with a valid JSON object in exactly this format, and nothing else: {""reasoning"": ""<brief prose reasoning>"", ""answer"": ""<Yes or No>""}",Yes,"As of 2021, Illinois did not have a general statutory scheme establishing standard procedures for expunging or sealing eviction records under the Forcible Entry and Detainer/Eviction Act. However, in response to the COVID-19 pandemic, Illinois enacted provisions (via the Code of Civil Procedure amendments, e.g., 735 ILCS 5/9-121 as amended) allowing courts to seal eviction case records under specified circumstances, such as where the case was based on nonpayment during the covered emergency period or where the plaintiff's action is without merit or where the interest in the party's privacy outweighs the public interest in access. Thus, by 2021 Illinois statute did regulate circumstances in which eviction records may be sealed/masked from public access.",,,,,"Answer the following Yes/No question about housing law in Illinois, based on the law as it stood in 2021.

Question: Does the law regulate circumstances in which eviction records may be expunged?

Clarification note: ""Expunged"" means, inter alia, sealed, masked, restricted from public access, or permanently destroyed. Answer under Illinois state statute only.

Explain your reasoning using the IRAC framework:
- Issue: the precise legal question raised by the facts
- Rule: the governing housing/eviction rule in Illinois
- Application: apply the rule to the question
- Conclusion: the resulting Yes/No determination

Respond ONLY with a valid JSON object in exactly this format, and nothing else: {""issue"": ""<the legal issue>"", ""rule"": ""<the applicable legal rule>"", ""application"": ""<application of rule to the question>"", ""conclusion"": ""<short statement of outcome>"", ""answer"": ""<Yes or No>""}",Yes,,"Whether Illinois statutory law regulates the circumstances under which eviction records may be expunged, sealed, masked, restricted from public access, or destroyed.","Under the Illinois Eviction Act (735 ILCS 5/9-101 et seq.), Illinois law provides for the sealing of eviction court records in certain circumstances. Notably, 735 ILCS 5/9-121 authorizes courts to order eviction records sealed—either upon the filing of the action or after judgment—where the plaintiff's action is sufficiently without a basis in fact or law, or where the interest in the party's privacy and the impact on that party's ability to obtain housing outweighs the public's interest in access to the record. Additionally, COVID-era enactments (such as provisions arising under the Illinois COVID-19 Emergency Housing Act) further addressed sealing/confidentiality of certain eviction records.","The question asks whether the law regulates the circumstances in which eviction records may be expunged, defined broadly to include sealing, masking, restriction from public access, or destruction. Illinois statute under 735 ILCS 5/9-121 expressly sets forth the conditions under which a court may seal or restrict access to eviction court records, applying a balancing test weighing tenant privacy and housing-access interests against public access. This constitutes statutory regulation of the circumstances under which eviction records may be sealed/restricted, satisfying the broad definition of 'expunged' provided.",Illinois statutory law does regulate the circumstances under which eviction records may be sealed or restricted from public access.,True
3590,Does the law require landlords to provide a reason for eviction when giving tenants notice to vacate the property?,Florida,122,Yes,"""Landlords"" means private landlords. ""Tenants"" means unsubsidized, unregulated tenants with any type of residential lease. ""Eviction"" means any deliberate lease termination, fault or no fault. Answer under Florida state statute only.","Answer the following Yes/No question about housing law in Florida, based on the law as it stood in 2021.

Question: Does the law require landlords to provide a reason for eviction when giving tenants notice to vacate the property?

Clarification note: ""Landlords"" means private landlords. ""Tenants"" means unsubsidized, unregulated tenants with any type of residential lease. ""Eviction"" means any deliberate lease termination, fault or no fault. Answer under Florida state statute only.

Respond ONLY with a valid JSON object in exactly this format, and nothing else: {""answer"": ""<Yes or No>""}",No,,,,,,"Answer the following Yes/No question about housing law in Florida, based on the law as it stood in 2021.

Question: Does the law require landlords to provide a reason for eviction when giving tenants notice to vacate the property?

Clarification note: ""Landlords"" means private landlords. ""Tenants"" means unsubsidized, unregulated tenants with any type of residential lease. ""Eviction"" means any deliberate lease termination, fault or no fault. Answer under Florida state statute only.

Explain your reasoning briefly, in continuous prose.

Respond ONLY with a valid JSON object in exactly this format, and nothing else: {""reasoning"": ""<brief prose reasoning>"", ""answer"": ""<Yes or No>""}",No,"Under Florida statutes, for a month-to-month or other tenancy without a fixed term, a landlord may terminate the tenancy by giving the required statutory notice (15 days for month-to-month under Fla. Stat. 83.57 as it stood in 2021) without stating any reason. For fixed-term leases, the tenancy simply ends at the expiration of the term. While notices for nonpayment or lease violations (Fla. Stat. 83.56) describe the default prompting the action, a no-fault termination at the end of a periodic or fixed tenancy does not require the landlord to provide any justification. Thus, the law does not generally require landlords to state a reason for eviction when giving notice to vacate.",,,,,"Answer the following Yes/No question about housing law in Florida, based on the law as it stood in 2021.

Question: Does the law require landlords to provide a reason for eviction when giving tenants notice to vacate the property?

Clarification note: ""Landlords"" means private landlords. ""Tenants"" means unsubsidized, unregulated tenants with any type of residential lease. ""Eviction"" means any deliberate lease termination, fault or no fault. Answer under Florida state statute only.

Explain your reasoning using the IRAC framework:
- Issue: the precise legal question raised by the facts
- Rule: the governing housing/eviction rule in Florida
- Application: apply the rule to the question
- Conclusion: the resulting Yes/No determination

Respond ONLY with a valid JSON object in exactly this format, and nothing else: {""issue"": ""<the legal issue>"", ""rule"": ""<the applicable legal rule>"", ""application"": ""<application of rule to the question>"", ""conclusion"": ""<short statement of outcome>"", ""answer"": ""<Yes or No>""}",No,,"Whether Florida statutory law requires private landlords to state a reason for eviction when serving a notice to vacate on an unsubsidized, unregulated residential tenant.","Under Florida Statutes Chapter 83 (Part II, the Florida Residential Landlord and Tenant Act), termination of a tenancy without a specified duration is governed by Fla. Stat. § 83.57, which requires notice for terminating tenancies at will (e.g., 15 days for month-to-month, 7 days for week-to-week) but does not require the landlord to state a reason. Fla. Stat. § 83.56 governs terminations for tenant noncompliance or nonpayment, requiring notice describing the noncompliance, but for no-cause terminations of nonspecified-term tenancies under § 83.57, no reason must be given. For leases with a set term, the tenancy simply expires at the end of the term without any required statement of cause.","For a no-cause or end-of-term termination, § 83.57 and general lease-expiration principles require only the statutorily prescribed notice period, not a stated justification. While § 83.56 fault-based terminations require the notice to describe the noncompliance, the question asks generally whether the law requires a reason for any notice to vacate. Because Florida law permits landlords to terminate nonspecified-duration and expiring fixed-term tenancies without providing any reason, the statute does not impose a blanket requirement that a reason be given in every eviction notice.","Florida statutory law does not generally require landlords to provide a reason when giving notice to vacate, particularly for no-cause and end-of-term terminations.",True
158,Does the law require that landlords have a just cause to terminate a tenancy at the end of a lease term?,California,115,Yes,"""Landlords"" means corporate owners of multi-unit buildings constructed more than 15 years ago. Read ""lease term"" as ""fixed lease term under a written lease"" Assume the tenant's continuous occupancy for over 24 months. Answer under California state statute only.","Answer the following Yes/No question about housing law in California, based on the law as it stood in 2021.

Question: Does the law require that landlords have a just cause to terminate a tenancy at the end of a lease term?

Clarification note: ""Landlords"" means corporate owners of multi-unit buildings constructed more than 15 years ago. Read ""lease term"" as ""fixed lease term under a written lease"" Assume the tenant's continuous occupancy for over 24 months. Answer under California state statute only.

Respond ONLY with a valid JSON object in exactly this format, and nothing else: {""answer"": ""<Yes or No>""}",Yes,,,,,,"Answer the following Yes/No question about housing law in California, based on the law as it stood in 2021.

Question: Does the law require that landlords have a just cause to terminate a tenancy at the end of a lease term?

Clarification note: ""Landlords"" means corporate owners of multi-unit buildings constructed more than 15 years ago. Read ""lease term"" as ""fixed lease term under a written lease"" Assume the tenant's continuous occupancy for over 24 months. Answer under California state statute only.

Explain your reasoning briefly, in continuous prose.

Respond ONLY with a valid JSON object in exactly this format, and nothing else: {""reasoning"": ""<brief prose reasoning>"", ""answer"": ""<Yes or No>""}",Yes,"Under California's Tenant Protection Act of 2019 (AB 1482), codified at Civil Code section 1946.2, landlords of covered residential properties must have 'just cause' to terminate a tenancy once a tenant has continuously and lawfully occupied the unit for 12 months or more. The scenario describes a corporate-owned multi-unit building over 15 years old (thus not exempt under the single-family/condo or new-construction exemptions), and a tenant with over 24 months of continuous occupancy, which satisfies the durational threshold. The just cause requirement applies to terminations of tenancy generally, including situations at the expiration of a lease term where the landlord seeks to end the tenancy rather than allow renewal or continuation. Therefore, just cause is required.",,,,,"Answer the following Yes/No question about housing law in California, based on the law as it stood in 2021.

Question: Does the law require that landlords have a just cause to terminate a tenancy at the end of a lease term?

Clarification note: ""Landlords"" means corporate owners of multi-unit buildings constructed more than 15 years ago. Read ""lease term"" as ""fixed lease term under a written lease"" Assume the tenant's continuous occupancy for over 24 months. Answer under California state statute only.

Explain your reasoning using the IRAC framework:
- Issue: the precise legal question raised by the facts
- Rule: the governing housing/eviction rule in California
- Application: apply the rule to the question
- Conclusion: the resulting Yes/No determination

Respond ONLY with a valid JSON object in exactly this format, and nothing else: {""issue"": ""<the legal issue>"", ""rule"": ""<the applicable legal rule>"", ""application"": ""<application of rule to the question>"", ""conclusion"": ""<short statement of outcome>"", ""answer"": ""<Yes or No>""}",Yes,,Whether a corporate landlord of a multi-unit building over 15 years old must have just cause to terminate the tenancy of a tenant who has continuously occupied the unit for more than 24 months at the end of a fixed lease term under a written lease.,"Under the California Tenant Protection Act of 2019 (Civil Code section 1946.2), after a tenant has continuously and lawfully occupied a residential real property for 12 months, the landlord may not terminate the tenancy without just cause, which must be stated in the notice. This applies to covered units; certain properties are exempt, including housing issued a certificate of occupancy within the previous 15 years and single-family homes owned by non-corporate entities. The just cause requirement applies both to at-fault and no-fault terminations, and applies upon expiration of a fixed-term lease where the tenant remains in occupancy.","The property is a multi-unit building constructed more than 15 years ago, so it is not exempt under the 15-year new-construction exemption. The owner is a corporate entity, so the single-family/condo exemption for non-corporate owners does not apply. The tenant has occupied the unit for more than 24 months, satisfying the 12-month threshold that triggers just cause protections. Because the tenancy is covered by Section 1946.2, the landlord may not terminate simply because the fixed lease term has ended; the landlord must have and state a just cause (at-fault or no-fault) to end the tenancy.","Because the unit is covered by the Tenant Protection Act and the tenant meets the occupancy threshold, just cause is required to terminate the tenancy at the end of the lease term.",True
168,Does the law specify a minimum number of days a tenant can be late on rent before the landlord can file an eviction action for nonpayment?,California,23,Yes,Disregard any pay-or-quit notice requirement. Answer under California state statute only. Assume no relevant lease terms or emergency measures.,"Answer the following Yes/No question about housing law in California, based on the law as it stood in 2021.

Question: Does the law specify a minimum number of days a tenant can be late on rent before the landlord can file an eviction action for nonpayment?

Clarification note: Disregard any pay-or-quit notice requirement. Answer under California state statute only. Assume no relevant lease terms or emergency measures.

Respond ONLY with a valid JSON object in exactly this format, and nothing else: {""answer"": ""<Yes or No>""}",No,,,,,,"Answer the following Yes/No question about housing law in California, based on the law as it stood in 2021.

Question: Does the law specify a minimum number of days a tenant can be late on rent before the landlord can file an eviction action for nonpayment?

Clarification note: Disregard any pay-or-quit notice requirement. Answer under California state statute only. Assume no relevant lease terms or emergency measures.

Explain your reasoning briefly, in continuous prose.

Respond ONLY with a valid JSON object in exactly this format, and nothing else: {""reasoning"": ""<brief prose reasoning>"", ""answer"": ""<Yes or No>""}",No,"Under California law, rent is due on the date specified in the lease, and once it is unpaid the tenant is in default the day after it is due (subject to any grace period in the lease, which we are told to disregard). The statutory eviction process for nonpayment (unlawful detainer under Code of Civil Procedure section 1161) requires the landlord to serve a three-day notice to pay rent or quit before filing an eviction action, but that is a notice requirement, which the question tells us to disregard. Apart from that notice, the statute does not set any minimum number of days a tenant must be late on rent before the landlord may proceed; the tenant is in breach as soon as rent is unpaid when due.",,,,,"Answer the following Yes/No question about housing law in California, based on the law as it stood in 2021.

Question: Does the law specify a minimum number of days a tenant can be late on rent before the landlord can file an eviction action for nonpayment?

Clarification note: Disregard any pay-or-quit notice requirement. Answer under California state statute only. Assume no relevant lease terms or emergency measures.

Explain your reasoning using the IRAC framework:
- Issue: the precise legal question raised by the facts
- Rule: the governing housing/eviction rule in California
- Application: apply the rule to the question
- Conclusion: the resulting Yes/No determination

Respond ONLY with a valid JSON object in exactly this format, and nothing else: {""issue"": ""<the legal issue>"", ""rule"": ""<the applicable legal rule>"", ""application"": ""<application of rule to the question>"", ""conclusion"": ""<short statement of outcome>"", ""answer"": ""<Yes or No>""}",No,,Whether California statutory law establishes a minimum number of days a tenant's rent must be past due before a landlord may commence an unlawful detainer (eviction) action for nonpayment of rent.,"Under California law, a landlord's right to pursue eviction for nonpayment of rent is governed by Code of Civil Procedure section 1161(2), which permits an unlawful detainer action when rent is 'due and unpaid' after the tenant fails to comply with a 3-day notice to pay rent or quit. Rent is due and payable on the date specified in the lease, and it becomes delinquent when not paid when due. The statute (setting aside the pay-or-quit notice) does not impose a separate mandatory grace period that must elapse before rent is deemed late; any grace period arises only from lease terms, not statute.","The question asks whether the statute itself specifies a minimum number of days a tenant can be late on rent before an eviction action can be filed, disregarding the pay-or-quit notice and any lease terms. Rent becomes delinquent the moment it is not paid on the due date. California's eviction statutes contain no independent statutory grace period mandating that a tenant be a certain number of days late before nonpayment triggers eviction proceedings; the only statutory precondition is the notice requirement, which we are told to disregard. Absent lease terms or emergency measures, there is no statutorily fixed minimum number of late days.",California state statute does not set a minimum number of days a tenant may be late on rent (apart from the notice requirement) before an eviction for nonpayment can be pursued.,True
193,Does the law specify a minimum number of days a tenant can be late on rent before the landlord can file an eviction action for nonpayment?,New York,23,Yes,Disregard any rent demand/notice requirement. Answer under New York State statute only. Assume no relevant lease terms.,"Answer the following Yes/No question about housing law in New York, based on the law as it stood in 2021.

Question: Does the law specify a minimum number of days a tenant can be late on rent before the landlord can file an eviction action for nonpayment?

Clarification note: Disregard any rent demand/notice requirement. Answer under New York State statute only. Assume no relevant lease terms.

Respond ONLY with a valid JSON object in exactly this format, and nothing else: {""answer"": ""<Yes or No>""}",Yes,,,,,,"Answer the following Yes/No question about housing law in New York, based on the law as it stood in 2021.

Question: Does the law specify a minimum number of days a tenant can be late on rent before the landlord can file an eviction action for nonpayment?

Clarification note: Disregard any rent demand/notice requirement. Answer under New York State statute only. Assume no relevant lease terms.

Explain your reasoning briefly, in continuous prose.

Respond ONLY with a valid JSON object in exactly this format, and nothing else: {""reasoning"": ""<brief prose reasoning>"", ""answer"": ""<Yes or No>""}",No,"Under New York law, particularly following the Housing Stability and Tenant Protection Act of 2019, RPAPL 711(2) requires a landlord to serve a fourteen-day written demand for rent before commencing a nonpayment proceeding. This effectively means rent must be at least fourteen days in arrears before the notice can be served and an eviction action for nonpayment can proceed. However, the clarification note instructs disregarding the rent demand/notice requirement, which is the source of that fourteen-day period. Setting aside that notice requirement, the statute does not independently specify a minimum number of days a tenant must be late before a nonpayment eviction action can be filed.",,,,,"Answer the following Yes/No question about housing law in New York, based on the law as it stood in 2021.

Question: Does the law specify a minimum number of days a tenant can be late on rent before the landlord can file an eviction action for nonpayment?

Clarification note: Disregard any rent demand/notice requirement. Answer under New York State statute only. Assume no relevant lease terms.

Explain your reasoning using the IRAC framework:
- Issue: the precise legal question raised by the facts
- Rule: the governing housing/eviction rule in New York
- Application: apply the rule to the question
- Conclusion: the resulting Yes/No determination

Respond ONLY with a valid JSON object in exactly this format, and nothing else: {""issue"": ""<the legal issue>"", ""rule"": ""<the applicable legal rule>"", ""application"": ""<application of rule to the question>"", ""conclusion"": ""<short statement of outcome>"", ""answer"": ""<Yes or No>""}",No,,"Whether New York State statutory law establishes a minimum number of days that a tenant's rent must be late (i.e., a grace period after which the rent is deemed in default for eviction purposes) before a landlord may commence a summary nonpayment eviction proceeding.","Under RPAPL 711(2), a nonpayment summary proceeding may be maintained where the tenant has defaulted in the payment of rent pursuant to the tenancy agreement and a demand for the rent has been made (or a written notice served). Separately, RPL 238-a(2), enacted by the Housing Stability and Tenant Protection Act of 2019, provides that a landlord may not assess a late fee unless rent remains unpaid for five days after the date it is due, but this five-day rule governs late-fee assessment, not the timing of commencing an eviction proceeding. Disregarding the rent demand/notice requirement, no statute imposes a minimum number of days of lateness as a precondition to filing a nonpayment action; the right to proceed arises upon default in payment when rent is due.","The question asks, under New York State statute and disregarding notice/demand requirements, whether there is a specified minimum number of days a tenant can be late before a nonpayment eviction action may be filed. RPAPL 711(2) permits a nonpayment proceeding upon default in payment of rent due, without prescribing any waiting period measured in days. The five-day period in RPL 238-a(2) applies only to the imposition of late fees, not to the accrual of a default or the commencement of an eviction. Thus, no statutory minimum number of days of lateness conditions the filing of a nonpayment eviction action itself.",New York State statute does not set a minimum number of days a tenant may be late on rent before a landlord can file a nonpayment eviction action (apart from the disregarded notice requirement).,False
3474,"For tenants residing in properties that go into foreclosure, does the law require a continuation of the landlord's lease obligations?",New York,7,No,"""Law"" means New York State law. ""Lease"" means unsubsidized, unregulated, bona fide written lease predating the foreclosure action. Read ""continuation"" as ""continuation by the property acquirer via foreclosure"". ","Answer the following Yes/No question about housing law in New York, based on the law as it stood in 2021.

Question: For tenants residing in properties that go into foreclosure, does the law require a continuation of the landlord's lease obligations?

Clarification note: ""Law"" means New York State law. ""Lease"" means unsubsidized, unregulated, bona fide written lease predating the foreclosure action. Read ""continuation"" as ""continuation by the property acquirer via foreclosure"".

Respond ONLY with a valid JSON object in exactly this format, and nothing else: {""answer"": ""<Yes or No>""}",Yes,,,,,,"Answer the following Yes/No question about housing law in New York, based on the law as it stood in 2021.

Question: For tenants residing in properties that go into foreclosure, does the law require a continuation of the landlord's lease obligations?

Clarification note: ""Law"" means New York State law. ""Lease"" means unsubsidized, unregulated, bona fide written lease predating the foreclosure action. Read ""continuation"" as ""continuation by the property acquirer via foreclosure"".

Explain your reasoning briefly, in continuous prose.

Respond ONLY with a valid JSON object in exactly this format, and nothing else: {""reasoning"": ""<brief prose reasoning>"", ""answer"": ""<Yes or No>""}",Yes,"Under New York's Real Property Actions and Proceedings Law, particularly RPAPL 1305 (enacted through the Protecting Tenants at Foreclosure provisions and reinforced by New York's Foreclosure Abuse and tenant protection statutes), a bona fide tenant with a valid written lease predating the foreclosure is entitled to remain in the premises for the remainder of the lease term. The successor in interest (the purchaser at foreclosure) takes the property subject to the existing bona fide lease and must honor its terms until the lease expires, effectively continuing the landlord's obligations under that lease. Thus, for an unsubsidized, unregulated, bona fide written lease predating the foreclosure action, the law requires continuation of the lease by the acquiring party.",,,,,"Answer the following Yes/No question about housing law in New York, based on the law as it stood in 2021.

Question: For tenants residing in properties that go into foreclosure, does the law require a continuation of the landlord's lease obligations?

Clarification note: ""Law"" means New York State law. ""Lease"" means unsubsidized, unregulated, bona fide written lease predating the foreclosure action. Read ""continuation"" as ""continuation by the property acquirer via foreclosure"".

Explain your reasoning using the IRAC framework:
- Issue: the precise legal question raised by the facts
- Rule: the governing housing/eviction rule in New York
- Application: apply the rule to the question
- Conclusion: the resulting Yes/No determination

Respond ONLY with a valid JSON object in exactly this format, and nothing else: {""issue"": ""<the legal issue>"", ""rule"": ""<the applicable legal rule>"", ""application"": ""<application of rule to the question>"", ""conclusion"": ""<short statement of outcome>"", ""answer"": ""<Yes or No>""}",Yes,,Whether New York law requires a party who acquires a residential property through foreclosure to honor and continue the obligations of a tenant's bona fide written lease that predated the foreclosure action.,"Under New York Real Property Actions and Proceedings Law (RPAPL) § 1305, and consistent with the federal Protecting Tenants at Foreclosure Act, a 'tenant' with a bona fide lease is entitled to remain in occupancy for the remainder of the lease term following a foreclosure sale (subject to limited exceptions, such as a purchaser who intends to occupy the unit as a primary residence, who must still provide 90 days' notice). The successor in interest that acquires the property via foreclosure takes title subject to the existing bona fide lease and must honor its terms through the end of the lease term.","Here the lease is an unsubsidized, unregulated, bona fide written lease predating the foreclosure action. Under RPAPL § 1305, the property acquirer through foreclosure becomes a successor in interest bound to allow the tenant to occupy the premises for the remainder of the existing lease term, thereby continuing the landlord's lease obligations. The tenant's right to remain under the lease survives the foreclosure, and the acquirer steps into the shoes of the prior landlord for the duration of that term.",New York law requires the foreclosure acquirer to continue the existing bona fide lease's obligations through the remainder of its term.,True
3475,"For tenants residing in properties that go into foreclosure, does the law restrict the landlord's ability to evict a tenant without just cause?",New York,34,No,"""Law"" means New York State law. ""Landlord"" means property acquirer via foreclosure. Assume no rent regulation and a bona fide lease predating the foreclosure action.","Answer the following Yes/No question about housing law in New York, based on the law as it stood in 2021.

Question: For tenants residing in properties that go into foreclosure, does the law restrict the landlord's ability to evict a tenant without just cause?

Clarification note: ""Law"" means New York State law. ""Landlord"" means property acquirer via foreclosure. Assume no rent regulation and a bona fide lease predating the foreclosure action.

Respond ONLY with a valid JSON object in exactly this format, and nothing else: {""answer"": ""<Yes or No>""}",Yes,,,,,,"Answer the following Yes/No question about housing law in New York, based on the law as it stood in 2021.

Question: For tenants residing in properties that go into foreclosure, does the law restrict the landlord's ability to evict a tenant without just cause?

Clarification note: ""Law"" means New York State law. ""Landlord"" means property acquirer via foreclosure. Assume no rent regulation and a bona fide lease predating the foreclosure action.

Explain your reasoning briefly, in continuous prose.

Respond ONLY with a valid JSON object in exactly this format, and nothing else: {""reasoning"": ""<brief prose reasoning>"", ""answer"": ""<Yes or No>""}",Yes,"Under New York's Protecting Tenants at Foreclosure and related state law (including provisions codified in RPAPL 1305 and the 2019 Housing Stability and Tenant Protection Act), tenants in foreclosed properties are afforded significant protections. A successor in interest who acquires the property through foreclosure generally takes title subject to the rights of bona fide tenants, and such tenants are entitled to remain for the duration of their bona fide lease term. New York law requires the new owner to honor the existing lease and provides that tenants cannot simply be evicted at will; eviction must be for cause during the lease term, absent limited exceptions such as the purchaser intending to occupy the unit as a primary residence (which itself requires proper notice). Thus, the law does restrict the foreclosing landlord's ability to evict a bona fide tenant without just cause during the lease term.",,,,,"Answer the following Yes/No question about housing law in New York, based on the law as it stood in 2021.

Question: For tenants residing in properties that go into foreclosure, does the law restrict the landlord's ability to evict a tenant without just cause?

Clarification note: ""Law"" means New York State law. ""Landlord"" means property acquirer via foreclosure. Assume no rent regulation and a bona fide lease predating the foreclosure action.

Explain your reasoning using the IRAC framework:
- Issue: the precise legal question raised by the facts
- Rule: the governing housing/eviction rule in New York
- Application: apply the rule to the question
- Conclusion: the resulting Yes/No determination

Respond ONLY with a valid JSON object in exactly this format, and nothing else: {""issue"": ""<the legal issue>"", ""rule"": ""<the applicable legal rule>"", ""application"": ""<application of rule to the question>"", ""conclusion"": ""<short statement of outcome>"", ""answer"": ""<Yes or No>""}",Yes,,"Whether New York law restricts a foreclosing purchaser (new owner/landlord) from evicting a bona fide tenant, whose lease predates the foreclosure, without just cause after a foreclosure sale.","New York's Protecting Tenants at Foreclosure provisions, codified in RPAPL 1305 (and reinforced by the 2019 Housing Stability and Tenant Protection Act), require that a successor in interest following a foreclosure sale honor the terms of an existing bona fide lease and may only terminate the tenancy for cause during the lease term, or upon 90 days' notice in specified circumstances (such as sale to a purchaser intending to occupy as a primary residence). Bona fide tenants are protected from eviction without just cause for the remainder of their lease.","Given a bona fide lease predating the foreclosure action and no rent regulation, the foreclosing purchaser steps into the shoes of the prior owner and is bound by RPAPL 1305 to honor the existing lease. The new owner cannot evict the tenant merely because it acquired the property through foreclosure; absent just cause (e.g., lease violation), the tenant retains possession for the balance of the lease term, subject only to the enumerated exceptions requiring notice. Thus the law does restrict the landlord's ability to evict without just cause.",New York law restricts a foreclosure purchaser from evicting a bona fide tenant without just cause during the existing lease term.,True
6662,"In an eviction action, can a tenant rebut/raise the defense that the landlord refused a voucher?",California,36,No,"""Voucher"" means the tenant's government rent voucher (e.g., under Section 8). ""Refused"" means rejected as rent payment. ""Defense"" means defense under any California state statute, not merely eviction statutes.","Answer the following Yes/No question about housing law in California, based on the law as it stood in 2021.

Question: In an eviction action, can a tenant rebut/raise the defense that the landlord refused a voucher?

Clarification note: ""Voucher"" means the tenant's government rent voucher (e.g., under Section 8). ""Refused"" means rejected as rent payment. ""Defense"" means defense under any California state statute, not merely eviction statutes.

Respond ONLY with a valid JSON object in exactly this format, and nothing else: {""answer"": ""<Yes or No>""}",Yes,,,,,,"Answer the following Yes/No question about housing law in California, based on the law as it stood in 2021.

Question: In an eviction action, can a tenant rebut/raise the defense that the landlord refused a voucher?

Clarification note: ""Voucher"" means the tenant's government rent voucher (e.g., under Section 8). ""Refused"" means rejected as rent payment. ""Defense"" means defense under any California state statute, not merely eviction statutes.

Explain your reasoning briefly, in continuous prose.

Respond ONLY with a valid JSON object in exactly this format, and nothing else: {""reasoning"": ""<brief prose reasoning>"", ""answer"": ""<Yes or No>""}",Yes,"In 2021, California law prohibited source-of-income discrimination in housing. Effective January 1, 2020, SB 329 amended the Fair Employment and Housing Act (Government Code sections 12927 and 12955) to expand the definition of 'source of income' to include federal, state, or local housing subsidies such as Section 8 vouchers paid directly to landlords. As a result, a landlord's refusal to accept a Section 8 voucher constitutes unlawful discrimination under FEHA. Because this is a violation of a California state statute, a tenant facing an unlawful detainer (eviction) action can raise the landlord's refusal of the voucher as an affirmative defense, since retaliatory or discriminatory motives that violate state law can be asserted to defeat the eviction.",,,,,"Answer the following Yes/No question about housing law in California, based on the law as it stood in 2021.

Question: In an eviction action, can a tenant rebut/raise the defense that the landlord refused a voucher?

Clarification note: ""Voucher"" means the tenant's government rent voucher (e.g., under Section 8). ""Refused"" means rejected as rent payment. ""Defense"" means defense under any California state statute, not merely eviction statutes.

Explain your reasoning using the IRAC framework:
- Issue: the precise legal question raised by the facts
- Rule: the governing housing/eviction rule in California
- Application: apply the rule to the question
- Conclusion: the resulting Yes/No determination

Respond ONLY with a valid JSON object in exactly this format, and nothing else: {""issue"": ""<the legal issue>"", ""rule"": ""<the applicable legal rule>"", ""application"": ""<application of rule to the question>"", ""conclusion"": ""<short statement of outcome>"", ""answer"": ""<Yes or No>""}",Yes,,"Whether, in an unlawful detainer (eviction) action in California, a tenant may raise as a defense that the landlord refused to accept the tenant's government rent voucher (e.g., Section 8) as payment of rent.","California Government Code section 12955 (part of the Fair Employment and Housing Act, as amended by SB 329 effective January 1, 2020) makes it unlawful housing discrimination to refuse to rent, or otherwise discriminate against a tenant, based on 'source of income,' which was expressly redefined to include federal, state, or local housing subsidies, including Section 8 vouchers, paid directly to landlords. A landlord's refusal to accept a valid housing voucher as rent thus constitutes unlawful source-of-income discrimination under state statute, and violations of FEHA can be asserted as an affirmative defense in an unlawful detainer proceeding.","The question asks whether a tenant can rebut or raise the defense that the landlord refused a voucher, referencing any California state statute rather than only eviction statutes. Under Government Code section 12955 as amended, refusing a Section 8 voucher as rent payment is prohibited source-of-income discrimination. Because a landlord's conduct violating FEHA's anti-discrimination provisions may be pleaded as an affirmative defense to an eviction, a tenant facing eviction can assert that the landlord's refusal of the voucher was unlawful. This applies to the law as it stood in 2021, after SB 329 took effect.",A tenant may raise the landlord's refusal of a government rent voucher as a defense under California statutory law (Gov. Code sec. 12955).,True
7066,"In an eviction action, can a tenant use landlord noncompliance with a statutory duty as a rebuttal/defense?",New York,46,No,"""Eviction action"" means nonpayment proceeding. Read ""duty"" as ""duty of habitability"". Read ""rebuttal/defense"" as ""rebuttal/defense in the nonpayment proceeding"". Answer under New York State law only.","Answer the following Yes/No question about housing law in New York, based on the law as it stood in 2021.

Question: In an eviction action, can a tenant use landlord noncompliance with a statutory duty as a rebuttal/defense?

Clarification note: ""Eviction action"" means nonpayment proceeding. Read ""duty"" as ""duty of habitability"". Read ""rebuttal/defense"" as ""rebuttal/defense in the nonpayment proceeding"". Answer under New York State law only.

Respond ONLY with a valid JSON object in exactly this format, and nothing else: {""answer"": ""<Yes or No>""}",Yes,,,,,,"Answer the following Yes/No question about housing law in New York, based on the law as it stood in 2021.

Question: In an eviction action, can a tenant use landlord noncompliance with a statutory duty as a rebuttal/defense?

Clarification note: ""Eviction action"" means nonpayment proceeding. Read ""duty"" as ""duty of habitability"". Read ""rebuttal/defense"" as ""rebuttal/defense in the nonpayment proceeding"". Answer under New York State law only.

Explain your reasoning briefly, in continuous prose.

Respond ONLY with a valid JSON object in exactly this format, and nothing else: {""reasoning"": ""<brief prose reasoning>"", ""answer"": ""<Yes or No>""}",Yes,"Under New York Real Property Law § 235-b, every residential lease contains an implied warranty of habitability, obligating the landlord to maintain premises fit for human habitation and free of conditions dangerous to health, safety, or life. In a nonpayment proceeding, where the landlord seeks rent owed, a breach of this warranty operates as a defense or partial defense, permitting an abatement of the rent proportional to the reduced value of the premises. New York courts have long recognized that a tenant may raise the landlord's failure to comply with this statutory duty of habitability to reduce or offset the rent claimed, effectively serving as a rebuttal/defense in the nonpayment proceeding.",,,,,"Answer the following Yes/No question about housing law in New York, based on the law as it stood in 2021.

Question: In an eviction action, can a tenant use landlord noncompliance with a statutory duty as a rebuttal/defense?

Clarification note: ""Eviction action"" means nonpayment proceeding. Read ""duty"" as ""duty of habitability"". Read ""rebuttal/defense"" as ""rebuttal/defense in the nonpayment proceeding"". Answer under New York State law only.

Explain your reasoning using the IRAC framework:
- Issue: the precise legal question raised by the facts
- Rule: the governing housing/eviction rule in New York
- Application: apply the rule to the question
- Conclusion: the resulting Yes/No determination

Respond ONLY with a valid JSON object in exactly this format, and nothing else: {""issue"": ""<the legal issue>"", ""rule"": ""<the applicable legal rule>"", ""application"": ""<application of rule to the question>"", ""conclusion"": ""<short statement of outcome>"", ""answer"": ""<Yes or No>""}",Yes,,"Whether, in a nonpayment eviction proceeding, a tenant may raise the landlord's noncompliance with the statutory warranty of habitability as a defense or basis for rent abatement against the landlord's claim for unpaid rent.","Under New York Real Property Law § 235-b, every residential lease contains an implied warranty of habitability, obligating the landlord to maintain the premises fit for human habitation and free from conditions dangerous to life, health, or safety. New York courts (e.g., Park West Management Corp. v. Mitchell) recognize that a landlord's breach of this warranty constitutes a defense in a nonpayment proceeding, entitling the tenant to a corresponding abatement or reduction of the rent owed.","In a nonpayment proceeding, the landlord seeks recovery of unpaid rent. Because the tenant's obligation to pay rent is mutually dependent on the landlord's fulfillment of the warranty of habitability, a tenant may assert the landlord's breach of that statutory duty as a rebuttal or affirmative defense. If proven, the breach reduces the amount of rent due by the value of the diminished habitability, thereby defeating or partially defeating the landlord's claim.",A tenant may use the landlord's noncompliance with the statutory warranty of habitability as a defense/rebuttal in a nonpayment eviction proceeding.,True
335,Is all documentation related to the eviction action made inaccessible?,New York,206,Yes,"""Documentation"" means information of any kind. Read ""the eviction"" as ""any kind of eviction"" and ""made"" as ""automatically made"". ""Inaccessible"" means unavailable for public inspection. Answer under New York State statute only. ","Answer the following Yes/No question about housing law in New York, based on the law as it stood in 2021.

Question: Is all documentation related to the eviction action made inaccessible?

Clarification note: ""Documentation"" means information of any kind. Read ""the eviction"" as ""any kind of eviction"" and ""made"" as ""automatically made"". ""Inaccessible"" means unavailable for public inspection. Answer under New York State statute only.

Respond ONLY with a valid JSON object in exactly this format, and nothing else: {""answer"": ""<Yes or No>""}",No,,,,,,"Answer the following Yes/No question about housing law in New York, based on the law as it stood in 2021.

Question: Is all documentation related to the eviction action made inaccessible?

Clarification note: ""Documentation"" means information of any kind. Read ""the eviction"" as ""any kind of eviction"" and ""made"" as ""automatically made"". ""Inaccessible"" means unavailable for public inspection. Answer under New York State statute only.

Explain your reasoning briefly, in continuous prose.

Respond ONLY with a valid JSON object in exactly this format, and nothing else: {""reasoning"": ""<brief prose reasoning>"", ""answer"": ""<Yes or No>""}",No,"Under New York law, there is no blanket rule automatically sealing all documentation related to every kind of eviction action from public inspection. While certain provisions (such as those enacted through the Housing Stability and Tenant Protection Act of 2019 and related COVID-era measures) restrict the sale or use of eviction records by tenant screening companies and limit disclosure in some contexts, court records in eviction proceedings are generally public and are not automatically and universally made inaccessible for all evictions. Sealing typically requires specific circumstances or court action rather than being automatic across the board.",,,,,"Answer the following Yes/No question about housing law in New York, based on the law as it stood in 2021.

Question: Is all documentation related to the eviction action made inaccessible?

Clarification note: ""Documentation"" means information of any kind. Read ""the eviction"" as ""any kind of eviction"" and ""made"" as ""automatically made"". ""Inaccessible"" means unavailable for public inspection. Answer under New York State statute only.

Explain your reasoning using the IRAC framework:
- Issue: the precise legal question raised by the facts
- Rule: the governing housing/eviction rule in New York
- Application: apply the rule to the question
- Conclusion: the resulting Yes/No determination

Respond ONLY with a valid JSON object in exactly this format, and nothing else: {""issue"": ""<the legal issue>"", ""rule"": ""<the applicable legal rule>"", ""application"": ""<application of rule to the question>"", ""conclusion"": ""<short statement of outcome>"", ""answer"": ""<Yes or No>""}",No,,Whether all documentation related to any kind of eviction action is automatically made unavailable for public inspection under New York State statute.,"Under New York law (RPAPL and related provisions, including protections enacted around 2020-2021), certain eviction records are subject to confidentiality restrictions, but confidentiality is not applied automatically and universally to all documentation of every kind of eviction. Statutory sealing or restriction of eviction records typically depends on the type of proceeding, the outcome, or specific triggering conditions, rather than a blanket automatic bar on all documentation.","The question asks whether ALL documentation of ANY kind of eviction is AUTOMATICALLY made inaccessible for public inspection. New York statute does not impose a comprehensive, automatic seal on every piece of information related to every eviction proceeding. Court records in eviction matters are generally part of the public record unless a specific statutory condition triggers restriction or sealing. Because the restriction is neither universal nor automatic for all documentation of all eviction types, the sweeping proposition in the question is not satisfied.",New York statute does not automatically render all documentation of any eviction inaccessible to public inspection.,True
9068,Is an officer of the court an individual empowered by law to execute a writ of eviction?,New York,103,No,"""Officer of the court"" means a specific court enforcement officer (e.g., marshal), not a general LEO. ""Law"" means statute applicable in all or part of New York State. ""Writ of eviction"" means warrant of eviction. ","Answer the following Yes/No question about housing law in New York, based on the law as it stood in 2021.

Question: Is an officer of the court an individual empowered by law to execute a writ of eviction?

Clarification note: ""Officer of the court"" means a specific court enforcement officer (e.g., marshal), not a general LEO. ""Law"" means statute applicable in all or part of New York State. ""Writ of eviction"" means warrant of eviction.

Respond ONLY with a valid JSON object in exactly this format, and nothing else: {""answer"": ""<Yes or No>""}",Yes,,,,,,"Answer the following Yes/No question about housing law in New York, based on the law as it stood in 2021.

Question: Is an officer of the court an individual empowered by law to execute a writ of eviction?

Clarification note: ""Officer of the court"" means a specific court enforcement officer (e.g., marshal), not a general LEO. ""Law"" means statute applicable in all or part of New York State. ""Writ of eviction"" means warrant of eviction.

Explain your reasoning briefly, in continuous prose.

Respond ONLY with a valid JSON object in exactly this format, and nothing else: {""reasoning"": ""<brief prose reasoning>"", ""answer"": ""<Yes or No>""}",Yes,"Under New York law, specifically RPAPL § 749, a warrant of eviction is directed to a sheriff, marshal, or constable, commanding them to remove the occupants and put the petitioner into possession. These enforcement officers—such as a city marshal—are officers of the court empowered by statute to execute the warrant of eviction. Thus, an officer of the court like a marshal is indeed an individual authorized by law to execute a warrant of eviction.",,,,,"Answer the following Yes/No question about housing law in New York, based on the law as it stood in 2021.

Question: Is an officer of the court an individual empowered by law to execute a writ of eviction?

Clarification note: ""Officer of the court"" means a specific court enforcement officer (e.g., marshal), not a general LEO. ""Law"" means statute applicable in all or part of New York State. ""Writ of eviction"" means warrant of eviction.

Explain your reasoning using the IRAC framework:
- Issue: the precise legal question raised by the facts
- Rule: the governing housing/eviction rule in New York
- Application: apply the rule to the question
- Conclusion: the resulting Yes/No determination

Respond ONLY with a valid JSON object in exactly this format, and nothing else: {""issue"": ""<the legal issue>"", ""rule"": ""<the applicable legal rule>"", ""application"": ""<application of rule to the question>"", ""conclusion"": ""<short statement of outcome>"", ""answer"": ""<Yes or No>""}",Yes,,"Whether an officer of the court, such as a marshal, is an individual empowered by law to execute a warrant of eviction in New York.","Under RPAPL 749(1), a warrant of eviction directs an officer of the court—specifically a sheriff, marshal, or constable—to remove the persons named in the proceeding and put the petitioner into possession of the premises. These enforcement officers are the officials statutorily authorized to execute warrants of eviction.","The question asks whether an officer of the court, such as a marshal, is empowered by law to execute a writ (warrant) of eviction. RPAPL 749(1) expressly directs the warrant to a sheriff, marshal, or constable, who are court enforcement officers. Thus a marshal, as an officer of the court, is precisely the type of individual the statute authorizes to carry out the eviction.",An officer of the court such as a marshal is statutorily empowered to execute a warrant of eviction.,True
2293,Is injunctive relief available to a tenant who is unlawfully evicted?,California,21,Yes,"""Unlawfully"" means via self-help (e.g., changing locks). ""Injunctive relief"" means a court order explicitly authorized by statute restoring the tenant to quiet possession.","Answer the following Yes/No question about housing law in California, based on the law as it stood in 2021.

Question: Is injunctive relief available to a tenant who is unlawfully evicted?

Clarification note: ""Unlawfully"" means via self-help (e.g., changing locks). ""Injunctive relief"" means a court order explicitly authorized by statute restoring the tenant to quiet possession.

Respond ONLY with a valid JSON object in exactly this format, and nothing else: {""answer"": ""<Yes or No>""}",Yes,,,,,,"Answer the following Yes/No question about housing law in California, based on the law as it stood in 2021.

Question: Is injunctive relief available to a tenant who is unlawfully evicted?

Clarification note: ""Unlawfully"" means via self-help (e.g., changing locks). ""Injunctive relief"" means a court order explicitly authorized by statute restoring the tenant to quiet possession.

Explain your reasoning briefly, in continuous prose.

Respond ONLY with a valid JSON object in exactly this format, and nothing else: {""reasoning"": ""<brief prose reasoning>"", ""answer"": ""<Yes or No>""}",Yes,"Under California law, a landlord is prohibited from using self-help eviction methods such as changing locks, removing doors, or shutting off utilities to force a tenant out. California Civil Code section 789.3 specifically prohibits such conduct and provides remedies including actual damages, statutory penalties (up to $100 per day of violation), and importantly, Civil Code section 789.3(c) expressly authorizes the court to grant injunctive relief. This statutory injunctive relief can be used to restore the tenant to possession. Additionally, tenants may pursue remedies for forcible or unlawful detainer/entry. Because section 789.3 explicitly authorizes injunctive relief as a statutory remedy for a tenant subjected to unlawful self-help eviction, such relief is available.",,,,,"Answer the following Yes/No question about housing law in California, based on the law as it stood in 2021.

Question: Is injunctive relief available to a tenant who is unlawfully evicted?

Clarification note: ""Unlawfully"" means via self-help (e.g., changing locks). ""Injunctive relief"" means a court order explicitly authorized by statute restoring the tenant to quiet possession.

Explain your reasoning using the IRAC framework:
- Issue: the precise legal question raised by the facts
- Rule: the governing housing/eviction rule in California
- Application: apply the rule to the question
- Conclusion: the resulting Yes/No determination

Respond ONLY with a valid JSON object in exactly this format, and nothing else: {""issue"": ""<the legal issue>"", ""rule"": ""<the applicable legal rule>"", ""application"": ""<application of rule to the question>"", ""conclusion"": ""<short statement of outcome>"", ""answer"": ""<Yes or No>""}",Yes,,"Whether a tenant who is subjected to an unlawful self-help eviction (e.g., a landlord changing the locks or otherwise excluding the tenant without a court-ordered unlawful detainer process) may obtain statutorily authorized injunctive relief restoring the tenant to quiet possession of the premises.","Under California law, a landlord may only recover possession through the judicial unlawful detainer process; self-help evictions are prohibited. Civil Code section 789.3 bars a landlord from using self-help measures (such as changing locks, removing doors, or terminating utilities) to exclude a tenant. Critically, Civil Code section 789.3(c) expressly provides that '[a]ny aggrieved tenant may seek appropriate injunctive relief to prevent the continuance or occurrence of any act in violation of subdivision (a) [or (b)],' in addition to actual damages and statutory penalties. Code of Civil Procedure section 1159 et seq. (forcible entry and detainer) likewise protect a tenant's possession, and courts may restore possession to a tenant ousted by unlawful means.","Here, the tenant has been unlawfully evicted through self-help means such as changing the locks, which falls squarely within the conduct prohibited by Civil Code section 789.3. Because section 789.3(c) expressly authorizes an 'aggrieved tenant' to 'seek appropriate injunctive relief' to prevent the continuance of such prohibited acts, a court is statutorily empowered to issue an injunction. This injunctive remedy can operate to restrain the landlord's ongoing unlawful exclusion and effectively restore the tenant to quiet possession. Thus, the statute provides an explicit basis for the court order contemplated in the question, distinct from mere monetary damages.",Injunctive relief is statutorily available to a tenant unlawfully evicted via self-help under Civil Code section 789.3(c).,True
6142,Is it required that the evictions summons served to tenants describe what the tenant must do? This includes: a direction that the defendant file a pleading in response to the complaint; a direction that the defendant respond either orally or in writing; instructions on what a tenant had to do to respond to the summons; a requirement that the defendant appear in court; or a requirement that the defendant file an appearance.,Illinois,133,Yes,"""Eviction"" means a residential forcible entry and detainer action. ""Required"" means required by Illinois state statute, court rule, or mandatory form, not a local rule. Read ""includes"" as ""includes only"".","Answer the following Yes/No question about housing law in Illinois, based on the law as it stood in 2021.

Question: Is it required that the evictions summons served to tenants describe what the tenant must do? This includes: a direction that the defendant file a pleading in response to the complaint; a direction that the defendant respond either orally or in writing; instructions on what a tenant had to do to respond to the summons; a requirement that the defendant appear in court; or a requirement that the defendant file an appearance.

Clarification note: ""Eviction"" means a residential forcible entry and detainer action. ""Required"" means required by Illinois state statute, court rule, or mandatory form, not a local rule. Read ""includes"" as ""includes only"".

Respond ONLY with a valid JSON object in exactly this format, and nothing else: {""answer"": ""<Yes or No>""}",Yes,,,,,,"Answer the following Yes/No question about housing law in Illinois, based on the law as it stood in 2021.

Question: Is it required that the evictions summons served to tenants describe what the tenant must do? This includes: a direction that the defendant file a pleading in response to the complaint; a direction that the defendant respond either orally or in writing; instructions on what a tenant had to do to respond to the summons; a requirement that the defendant appear in court; or a requirement that the defendant file an appearance.

Clarification note: ""Eviction"" means a residential forcible entry and detainer action. ""Required"" means required by Illinois state statute, court rule, or mandatory form, not a local rule. Read ""includes"" as ""includes only"".

Explain your reasoning briefly, in continuous prose.

Respond ONLY with a valid JSON object in exactly this format, and nothing else: {""reasoning"": ""<brief prose reasoning>"", ""answer"": ""<Yes or No>""}",Yes,"In Illinois, eviction actions are governed by the Forcible Entry and Detainer Act (735 ILCS 5/9-101 et seq.) and Illinois Supreme Court Rules. As of 2021, Illinois Supreme Court Rule 101 and the mandatory standardized summons forms govern the content of summons. The eviction summons form adopted by the Illinois Supreme Court directs the defendant to appear in court on a specified date and time, and informs the defendant of the consequences of failing to appear. Because the standardized mandatory form and rules require the summons to direct the tenant to appear in court, the summons must describe what the tenant must do to respond. Thus this requirement exists under state law and mandatory form.",,,,,"Answer the following Yes/No question about housing law in Illinois, based on the law as it stood in 2021.

Question: Is it required that the evictions summons served to tenants describe what the tenant must do? This includes: a direction that the defendant file a pleading in response to the complaint; a direction that the defendant respond either orally or in writing; instructions on what a tenant had to do to respond to the summons; a requirement that the defendant appear in court; or a requirement that the defendant file an appearance.

Clarification note: ""Eviction"" means a residential forcible entry and detainer action. ""Required"" means required by Illinois state statute, court rule, or mandatory form, not a local rule. Read ""includes"" as ""includes only"".

Explain your reasoning using the IRAC framework:
- Issue: the precise legal question raised by the facts
- Rule: the governing housing/eviction rule in Illinois
- Application: apply the rule to the question
- Conclusion: the resulting Yes/No determination

Respond ONLY with a valid JSON object in exactly this format, and nothing else: {""issue"": ""<the legal issue>"", ""rule"": ""<the applicable legal rule>"", ""application"": ""<application of rule to the question>"", ""conclusion"": ""<short statement of outcome>"", ""answer"": ""<Yes or No>""}",Yes,,"Whether Illinois law required an eviction (forcible entry and detainer) summons served on a tenant to describe what the tenant must do, such as directing the tenant to file a responsive pleading, respond orally or in writing, appear in court, or file an appearance.","Eviction actions in Illinois are governed by Article IX of the Code of Civil Procedure (735 ILCS 5/9-101 et seq.) and Illinois Supreme Court Rules governing summons. In 2021, Illinois Supreme Court Rule 101(b) and the standardized eviction summons form prescribed by the Supreme Court (effective in the wake of Rule 101 amendments) governed the content of the eviction summons. The mandatory statewide eviction summons form directs the defendant to appear in court on a specified return date and informs the defendant of the consequences of failing to appear (default judgment). The eviction summons is typically a return-date/appearance-type summons rather than one requiring a written appearance or responsive pleading within a fixed number of days.","Under the Illinois Supreme Court's mandatory eviction summons form in effect in 2021, the summons must inform the tenant-defendant what to do: it directs the defendant to appear in court on the stated return date and warns of the consequences of non-appearance. Because the question asks whether the summons is required to describe what the tenant must do, and the mandatory form includes a requirement that the defendant appear in court, the described obligation is satisfied. The 'includes only' list encompasses appearing in court, which the eviction summons form does require the tenant to do.","Illinois law requires the eviction summons to tell the tenant what to do, specifically to appear in court.",True
6052,Is it required that the evictions summons served to tenants describe what the tenant must do? This includes: a direction that the defendant file a pleading in response to the complaint; a direction that the defendant respond either orally or in writing; instructions on what a tenant had to do to respond to the summons; a requirement that the defendant appear in court; or a requirement that the defendant file an appearance.,California,133,Yes,"""Eviction"" means a residential unlawful detainer action. ""Required"" means required by California state statute, court rule, or mandatory form, not a local rule. Read ""includes"" as ""includes only"".","Answer the following Yes/No question about housing law in California, based on the law as it stood in 2021.

Question: Is it required that the evictions summons served to tenants describe what the tenant must do? This includes: a direction that the defendant file a pleading in response to the complaint; a direction that the defendant respond either orally or in writing; instructions on what a tenant had to do to respond to the summons; a requirement that the defendant appear in court; or a requirement that the defendant file an appearance.

Clarification note: ""Eviction"" means a residential unlawful detainer action. ""Required"" means required by California state statute, court rule, or mandatory form, not a local rule. Read ""includes"" as ""includes only"".

Respond ONLY with a valid JSON object in exactly this format, and nothing else: {""answer"": ""<Yes or No>""}",Yes,,,,,,"Answer the following Yes/No question about housing law in California, based on the law as it stood in 2021.

Question: Is it required that the evictions summons served to tenants describe what the tenant must do? This includes: a direction that the defendant file a pleading in response to the complaint; a direction that the defendant respond either orally or in writing; instructions on what a tenant had to do to respond to the summons; a requirement that the defendant appear in court; or a requirement that the defendant file an appearance.

Clarification note: ""Eviction"" means a residential unlawful detainer action. ""Required"" means required by California state statute, court rule, or mandatory form, not a local rule. Read ""includes"" as ""includes only"".

Explain your reasoning briefly, in continuous prose.

Respond ONLY with a valid JSON object in exactly this format, and nothing else: {""reasoning"": ""<brief prose reasoning>"", ""answer"": ""<Yes or No>""}",Yes,"Under California law, unlawful detainer actions use a summons that must comply with statutory requirements. The summons in a civil action, including unlawful detainer, is governed by Code of Civil Procedure section 412.20, which requires the summons to direct the defendant to file a written pleading in response to the complaint within a specified time (5 days for unlawful detainer under CCP 1167). The Judicial Council mandatory form summons (SUM-130 for unlawful detainer) directs the defendant to respond in writing, informs them of the 5-day deadline, and warns that failure to respond will result in a default judgment. Thus, the summons is required to describe what the tenant must do, including directing the defendant to file a responsive pleading and respond in writing.",,,,,"Answer the following Yes/No question about housing law in California, based on the law as it stood in 2021.

Question: Is it required that the evictions summons served to tenants describe what the tenant must do? This includes: a direction that the defendant file a pleading in response to the complaint; a direction that the defendant respond either orally or in writing; instructions on what a tenant had to do to respond to the summons; a requirement that the defendant appear in court; or a requirement that the defendant file an appearance.

Clarification note: ""Eviction"" means a residential unlawful detainer action. ""Required"" means required by California state statute, court rule, or mandatory form, not a local rule. Read ""includes"" as ""includes only"".

Explain your reasoning using the IRAC framework:
- Issue: the precise legal question raised by the facts
- Rule: the governing housing/eviction rule in California
- Application: apply the rule to the question
- Conclusion: the resulting Yes/No determination

Respond ONLY with a valid JSON object in exactly this format, and nothing else: {""issue"": ""<the legal issue>"", ""rule"": ""<the applicable legal rule>"", ""application"": ""<application of rule to the question>"", ""conclusion"": ""<short statement of outcome>"", ""answer"": ""<Yes or No>""}",Yes,,"Whether California law requires that an eviction (unlawful detainer) summons served on a tenant describe what the tenant must do to respond, such as directing the tenant to file a responsive pleading, respond orally or in writing, appear in court, or file an appearance.","California Code of Civil Procedure section 412.20 governs the contents of a summons and requires it to contain, among other things, a direction that the defendant file a written pleading in response to the complaint within the time specified. For unlawful detainer actions, the mandatory Judicial Council form summons (Form SUM-130, Summons—Unlawful Detainer—Eviction) must be used and it notifies the defendant that they have a limited number of days to respond and file a written response with the court, and warns of consequences of failing to respond.","The eviction summons served on a tenant must, under CCP section 412.20 and the mandatory Judicial Council unlawful detainer summons form, direct the defendant to file a written pleading in response to the complaint and provide instructions on how and within what time the tenant must respond. This satisfies the described requirements that the summons instruct the tenant on what they must do, including a direction to file a responsive pleading and instructions on responding to the summons. Thus, the summons is required to describe what the tenant must do.",California law requires the eviction summons to describe what the tenant must do to respond.,True
479,Is it specified whether a tenant forfeits the right to an eviction hearing by failing to respond to the court summons?,California,18,Yes,Read whether California's unlawful detainer statutes speak to whether a tenant's failure to respond to the summons yields a default judgment/entry.,"Answer the following Yes/No question about housing law in California, based on the law as it stood in 2021.

Question: Is it specified whether a tenant forfeits the right to an eviction hearing by failing to respond to the court summons?

Clarification note: Read whether California's unlawful detainer statutes speak to whether a tenant's failure to respond to the summons yields a default judgment/entry.

Respond ONLY with a valid JSON object in exactly this format, and nothing else: {""answer"": ""<Yes or No>""}",Yes,,,,,,"Answer the following Yes/No question about housing law in California, based on the law as it stood in 2021.

Question: Is it specified whether a tenant forfeits the right to an eviction hearing by failing to respond to the court summons?

Clarification note: Read whether California's unlawful detainer statutes speak to whether a tenant's failure to respond to the summons yields a default judgment/entry.

Explain your reasoning briefly, in continuous prose.

Respond ONLY with a valid JSON object in exactly this format, and nothing else: {""reasoning"": ""<brief prose reasoning>"", ""answer"": ""<Yes or No>""}",Yes,"California's unlawful detainer statutes do address the consequences of a tenant's failure to respond to a summons. Under the Code of Civil Procedure governing unlawful detainer actions, a tenant is served with a summons and complaint and given a short period (typically five days) to file a response. Section 1169 specifically provides that if the defendant fails to answer the complaint within the time allowed, the clerk shall enter a default and the plaintiff may apply for and obtain a default judgment for possession. Thus, the statutes do specify that failing to respond to the summons results in a default judgment, effectively forfeiting the right to a contested eviction hearing.",,,,,"Answer the following Yes/No question about housing law in California, based on the law as it stood in 2021.

Question: Is it specified whether a tenant forfeits the right to an eviction hearing by failing to respond to the court summons?

Clarification note: Read whether California's unlawful detainer statutes speak to whether a tenant's failure to respond to the summons yields a default judgment/entry.

Explain your reasoning using the IRAC framework:
- Issue: the precise legal question raised by the facts
- Rule: the governing housing/eviction rule in California
- Application: apply the rule to the question
- Conclusion: the resulting Yes/No determination

Respond ONLY with a valid JSON object in exactly this format, and nothing else: {""issue"": ""<the legal issue>"", ""rule"": ""<the applicable legal rule>"", ""application"": ""<application of rule to the question>"", ""conclusion"": ""<short statement of outcome>"", ""answer"": ""<Yes or No>""}",Yes,,"Whether California's unlawful detainer statutes specify that a tenant's failure to respond to the summons results in a default judgment, effectively forfeiting the right to an eviction hearing.","Under California Code of Civil Procedure section 1170, a tenant served in an unlawful detainer action must appear and answer within the statutorily prescribed period (five days, per CCP section 1167). If the defendant fails to respond within the required time, CCP section 585 authorizes the plaintiff to seek entry of the defendant's default and a default judgment, meaning the tenant loses the opportunity to contest the eviction at a hearing on the merits.","The unlawful detainer statutes expressly address the consequences of a tenant's failure to respond to the summons. CCP sections 1167 and 1170 set the response deadline, and CCP section 585 provides for entry of default and default judgment when a defendant does not timely appear or answer. Thus, the statutory scheme does specify that a tenant who fails to respond to the summons may have a default judgment entered against them, forfeiting a contested eviction hearing.",California's statutes do specify that failure to respond to the summons yields a default judgment.,True
7696,Is the term 'Execution for possession' used to refer to the order from the court to the authorities to remove a tenant?,Florida,177,No,"Read ""used"" as ""verbatim used"". Answer under Florida state eviction statutes only. ","Answer the following Yes/No question about housing law in Florida, based on the law as it stood in 2021.

Question: Is the term 'Execution for possession' used to refer to the order from the court to the authorities to remove a tenant?

Clarification note: Read ""used"" as ""verbatim used"". Answer under Florida state eviction statutes only.

Respond ONLY with a valid JSON object in exactly this format, and nothing else: {""answer"": ""<Yes or No>""}",No,,,,,,"Answer the following Yes/No question about housing law in Florida, based on the law as it stood in 2021.

Question: Is the term 'Execution for possession' used to refer to the order from the court to the authorities to remove a tenant?

Clarification note: Read ""used"" as ""verbatim used"". Answer under Florida state eviction statutes only.

Explain your reasoning briefly, in continuous prose.

Respond ONLY with a valid JSON object in exactly this format, and nothing else: {""reasoning"": ""<brief prose reasoning>"", ""answer"": ""<Yes or No>""}",No,"Under Florida's eviction statutes, particularly Chapter 83 (the Florida Residential Landlord and Tenant Act), the document issued by the court directing the sheriff to remove a tenant from the premises is termed a 'writ of possession,' as set out in Section 83.62. The statutes do not use the verbatim phrase 'Execution for possession' to describe this order. Therefore, that specific term is not the one used under Florida eviction statutes.",,,,,"Answer the following Yes/No question about housing law in Florida, based on the law as it stood in 2021.

Question: Is the term 'Execution for possession' used to refer to the order from the court to the authorities to remove a tenant?

Clarification note: Read ""used"" as ""verbatim used"". Answer under Florida state eviction statutes only.

Explain your reasoning using the IRAC framework:
- Issue: the precise legal question raised by the facts
- Rule: the governing housing/eviction rule in Florida
- Application: apply the rule to the question
- Conclusion: the resulting Yes/No determination

Respond ONLY with a valid JSON object in exactly this format, and nothing else: {""issue"": ""<the legal issue>"", ""rule"": ""<the applicable legal rule>"", ""application"": ""<application of rule to the question>"", ""conclusion"": ""<short statement of outcome>"", ""answer"": ""<Yes or No>""}",No,,Whether the specific term 'Execution for possession' is verbatim used in Florida's eviction statutes to refer to the court's order directing authorities to remove a tenant.,"Under Florida's residential eviction statutes, Chapter 83 (specifically Fla. Stat. § 83.62), the removal of a tenant following a judgment for possession is accomplished through a 'writ of possession' issued by the clerk of the court and executed by the sheriff, who serves the writ and, after 24 hours, may remove the tenant. The statute uses the term 'writ of possession,' not 'execution for possession.'","The question asks whether the exact term 'Execution for possession' is used verbatim under Florida eviction statutes to describe the court order authorizing authorities to remove a tenant. Florida statutes employ the term 'writ of possession' for this purpose, not 'execution for possession.' While 'execution' is a term used generally in the enforcement of money judgments, it is not the verbatim term used for possession orders in the eviction context. Therefore, the specific phrase 'Execution for possession' is not the statutory term.",The term 'Execution for possession' is not the verbatim term used; Florida uses 'writ of possession.',True
8458,Is the term 'Order of restitution' used to refer to the order from the court to the authorities to remove a tenant?,Texas,194,No,"Read ""used"" as ""verbatim used"". Answer under Texas state eviction statutes only. ","Answer the following Yes/No question about housing law in Texas, based on the law as it stood in 2021.

Question: Is the term 'Order of restitution' used to refer to the order from the court to the authorities to remove a tenant?

Clarification note: Read ""used"" as ""verbatim used"". Answer under Texas state eviction statutes only.

Respond ONLY with a valid JSON object in exactly this format, and nothing else: {""answer"": ""<Yes or No>""}",No,,,,,,"Answer the following Yes/No question about housing law in Texas, based on the law as it stood in 2021.

Question: Is the term 'Order of restitution' used to refer to the order from the court to the authorities to remove a tenant?

Clarification note: Read ""used"" as ""verbatim used"". Answer under Texas state eviction statutes only.

Explain your reasoning briefly, in continuous prose.

Respond ONLY with a valid JSON object in exactly this format, and nothing else: {""reasoning"": ""<brief prose reasoning>"", ""answer"": ""<Yes or No>""}",No,"Under Texas eviction statutes, the order directing removal of a tenant after an eviction judgment is called a 'writ of possession,' not an 'order of restitution.' The Texas Property Code (Chapter 24) and Texas Rules of Civil Procedure use the term 'writ of possession' to describe the instrument commanding officers to remove the tenant and restore possession to the landlord. The term 'order of restitution' is not the verbatim term used in the Texas eviction statutes for this purpose.",,,,,"Answer the following Yes/No question about housing law in Texas, based on the law as it stood in 2021.

Question: Is the term 'Order of restitution' used to refer to the order from the court to the authorities to remove a tenant?

Clarification note: Read ""used"" as ""verbatim used"". Answer under Texas state eviction statutes only.

Explain your reasoning using the IRAC framework:
- Issue: the precise legal question raised by the facts
- Rule: the governing housing/eviction rule in Texas
- Application: apply the rule to the question
- Conclusion: the resulting Yes/No determination

Respond ONLY with a valid JSON object in exactly this format, and nothing else: {""issue"": ""<the legal issue>"", ""rule"": ""<the applicable legal rule>"", ""application"": ""<application of rule to the question>"", ""conclusion"": ""<short statement of outcome>"", ""answer"": ""<Yes or No>""}",No,,Whether the term 'Order of restitution' is verbatim used under Texas eviction statutes to refer to the court's order directing authorities to remove a tenant from the premises.,"Under Texas law, eviction (forcible entry and detainer) proceedings are governed by Chapter 24 of the Texas Property Code and the Texas Rules of Civil Procedure. Texas Property Code Section 24.0061 governs the enforcement of a judgment for possession. It provides for the issuance of a 'writ of possession' by the court, which directs a peace officer or constable to remove the tenant and restore possession of the premises to the landlord. The statutory instrument used to remove a tenant is termed the 'writ of possession,' not an 'order of restitution.'","The question asks whether the specific term 'Order of restitution' is the verbatim term used in Texas eviction statutes to refer to the court's order to authorities to remove a tenant. Under Texas Property Code Section 24.0061, the instrument that directs authorities (a peace officer/constable) to remove the tenant is expressly called a 'writ of possession.' While 'restitution of the premises' concepts exist in some jurisdictions (e.g., writ of restitution), Texas statutes use the term 'writ of possession' rather than 'order of restitution' for this function. Thus, the term 'Order of restitution' is not verbatim used in Texas eviction statutes for this purpose.","The Texas eviction statutes use 'writ of possession,' not 'order of restitution,' to refer to the order directing authorities to remove a tenant.",True
1996,Must a landlord accept a tenant's attempt to cure for material breach?,Illinois,157,No,"Read ""tenant"" as ""residential tenant"", ""cure"" as ""cure per the landlord's properly served termination notice"", and ""breach"" as ""breach of the written lease other than nonpayment of rent"". ""Attempt"" means offer. Answer under Illinois state statute only. ","Answer the following Yes/No question about housing law in Illinois, based on the law as it stood in 2021.

Question: Must a landlord accept a tenant's attempt to cure for material breach?

Clarification note: Read ""tenant"" as ""residential tenant"", ""cure"" as ""cure per the landlord's properly served termination notice"", and ""breach"" as ""breach of the written lease other than nonpayment of rent"". ""Attempt"" means offer. Answer under Illinois state statute only.

Respond ONLY with a valid JSON object in exactly this format, and nothing else: {""answer"": ""<Yes or No>""}",No,,,,,,"Answer the following Yes/No question about housing law in Illinois, based on the law as it stood in 2021.

Question: Must a landlord accept a tenant's attempt to cure for material breach?

Clarification note: Read ""tenant"" as ""residential tenant"", ""cure"" as ""cure per the landlord's properly served termination notice"", and ""breach"" as ""breach of the written lease other than nonpayment of rent"". ""Attempt"" means offer. Answer under Illinois state statute only.

Explain your reasoning briefly, in continuous prose.

Respond ONLY with a valid JSON object in exactly this format, and nothing else: {""reasoning"": ""<brief prose reasoning>"", ""answer"": ""<Yes or No>""}",No,"Under Illinois state statute in 2021, there was no general residential landlord-tenant act at the state level requiring landlords to accept a tenant's cure for a material breach other than nonpayment of rent. The relevant provision, the Illinois Forcible Entry and Detainer Act (735 ILCS 5/9-210), governs notice for breach of lease terms and permits a landlord to serve a 10-day notice to terminate the tenancy for a lease violation. That statute does not obligate the landlord to accept a tenant's attempt or offer to cure the breach; the landlord may terminate the tenancy after the notice period regardless of an offer to cure. Local ordinances (such as Chicago's RLTO) may impose cure rights, but the question is limited to state statute, under which no such mandatory acceptance of cure exists.",,,,,"Answer the following Yes/No question about housing law in Illinois, based on the law as it stood in 2021.

Question: Must a landlord accept a tenant's attempt to cure for material breach?

Clarification note: Read ""tenant"" as ""residential tenant"", ""cure"" as ""cure per the landlord's properly served termination notice"", and ""breach"" as ""breach of the written lease other than nonpayment of rent"". ""Attempt"" means offer. Answer under Illinois state statute only.

Explain your reasoning using the IRAC framework:
- Issue: the precise legal question raised by the facts
- Rule: the governing housing/eviction rule in Illinois
- Application: apply the rule to the question
- Conclusion: the resulting Yes/No determination

Respond ONLY with a valid JSON object in exactly this format, and nothing else: {""issue"": ""<the legal issue>"", ""rule"": ""<the applicable legal rule>"", ""application"": ""<application of rule to the question>"", ""conclusion"": ""<short statement of outcome>"", ""answer"": ""<Yes or No>""}",No,,"Whether, under Illinois state statute, a landlord is required to accept a residential tenant's offer to cure a material breach of the written lease (other than nonpayment of rent) following a properly served termination notice.","Under the Illinois Forcible Entry and Detainer Act (735 ILCS 5/9-210), when a tenant breaches a term of the lease other than for nonpayment of rent, the landlord may serve a written notice giving the tenant 10 days to comply (cure) or surrender possession. The statute provides that if the tenant fails to comply within the notice period, the tenancy may be terminated. However, the statute does not compel a landlord to accept an offer to cure; the landlord's remedy for a lease violation is at the landlord's election, and Illinois law generally does not impose a mandatory duty on the landlord to accept a tenant's attempted cure of a material breach.","Section 9-210 permits the landlord to serve a 10-day notice for a lease breach other than nonpayment, but the statute is framed as a landlord's option to terminate rather than as a mandatory right of the tenant to cure. Unlike the nonpayment context (5/9-209), where payment of rent within the notice period bars eviction, there is no comparable statutory provision guaranteeing a tenant the right to reinstate the tenancy by curing a material non-rent breach. Therefore, even if the tenant offers to cure, the statute does not obligate the landlord to accept that offer and forgo termination.",A landlord is not required by Illinois statute to accept a residential tenant's offer to cure a material non-rent breach.,True
1918,Must a landlord accept a tenant's attempt to cure for nuisance activities?,California,61,No,"""Landlord"" means corporate owner of an apartment building over 15 years old. ""Attempt"" means offer. Read ""cure"" as ""cure per the landlord's termination notice"". Assume the tenant's continuous occupancy for over 12 months. Answer under California state statute only. ","Answer the following Yes/No question about housing law in California, based on the law as it stood in 2021.

Question: Must a landlord accept a tenant's attempt to cure for nuisance activities?

Clarification note: ""Landlord"" means corporate owner of an apartment building over 15 years old. ""Attempt"" means offer. Read ""cure"" as ""cure per the landlord's termination notice"". Assume the tenant's continuous occupancy for over 12 months. Answer under California state statute only.

Respond ONLY with a valid JSON object in exactly this format, and nothing else: {""answer"": ""<Yes or No>""}",No,,,,,,"Answer the following Yes/No question about housing law in California, based on the law as it stood in 2021.

Question: Must a landlord accept a tenant's attempt to cure for nuisance activities?

Clarification note: ""Landlord"" means corporate owner of an apartment building over 15 years old. ""Attempt"" means offer. Read ""cure"" as ""cure per the landlord's termination notice"". Assume the tenant's continuous occupancy for over 12 months. Answer under California state statute only.

Explain your reasoning briefly, in continuous prose.

Respond ONLY with a valid JSON object in exactly this format, and nothing else: {""reasoning"": ""<brief prose reasoning>"", ""answer"": ""<Yes or No>""}",No,"Under California law, nuisance is treated as an incurable lease violation. A landlord may serve a three-day notice to quit for nuisance under Code of Civil Procedure section 1161(4), which does not offer the tenant an option to cure; unlike curable breaches of covenant under section 1161(3), the nuisance provision requires the tenant to vacate outright without any right to remedy the conduct. Because the notice for nuisance is an unconditional notice to quit rather than a notice to perform or quit, there is no legal 'cure per the landlord's termination notice' that the landlord must accept. The just-cause protections under the Tenant Protection Act (Civil Code section 1946.2) classify nuisance as an at-fault just cause and only require an opportunity to cure where the violation is curable; maintaining a nuisance is generally deemed non-curable in this context. Therefore the landlord is not obligated to accept the tenant's offer to cure.",,,,,"Answer the following Yes/No question about housing law in California, based on the law as it stood in 2021.

Question: Must a landlord accept a tenant's attempt to cure for nuisance activities?

Clarification note: ""Landlord"" means corporate owner of an apartment building over 15 years old. ""Attempt"" means offer. Read ""cure"" as ""cure per the landlord's termination notice"". Assume the tenant's continuous occupancy for over 12 months. Answer under California state statute only.

Explain your reasoning using the IRAC framework:
- Issue: the precise legal question raised by the facts
- Rule: the governing housing/eviction rule in California
- Application: apply the rule to the question
- Conclusion: the resulting Yes/No determination

Respond ONLY with a valid JSON object in exactly this format, and nothing else: {""issue"": ""<the legal issue>"", ""rule"": ""<the applicable legal rule>"", ""application"": ""<application of rule to the question>"", ""conclusion"": ""<short statement of outcome>"", ""answer"": ""<Yes or No>""}",No,,Whether a landlord (corporate owner of an apartment building over 15 years old) must accept a tenant's offer to cure a nuisance when terminating a tenancy of a tenant with over 12 months of continuous occupancy under California statute.,"Under California Code of Civil Procedure section 1161(4), a tenancy may be terminated for maintaining, committing, or permitting a nuisance, and this is a non-curable ground—unlike breaches of covenant under CCP 1161(3), the nuisance ground does not provide a mandatory opportunity to cure. The three-day notice for nuisance is unconditional and does not require the landlord to accept a cure. Additionally, under the Tenant Protection Act of 2019 (Civil Code section 1946.2), which applies to tenants in continuous occupancy for 12 months or more and covers corporate-owned buildings over 15 years old, the landlord must state just cause; nuisance is an 'at-fault just cause,' but the requirement to provide an opportunity to cure applies only to curable lease violations, not to nuisance conduct.","The facts satisfy the statute's applicability: corporate owner, building over 15 years old, tenant occupying more than 12 months, so the Tenant Protection Act's just cause requirements apply. Nuisance is an at-fault just cause under Civil Code 1946.2(b)(1). The cure requirement under section 1946.2(c) applies only where the termination is based on a curable lease violation; nuisance under CCP 1161(4) is treated as a non-curable ground for which an unconditional three-day notice to quit is served. Because nuisance is not a violation the statute deems curable, the landlord is not statutorily obligated to accept the tenant's offer to cure.",The landlord is not required to accept the tenant's offer to cure nuisance activities because nuisance is a non-curable ground for termination.,True
5469,Secondary methods of service are defined as those methods that may be used if the primary method is unsuccessful. Are certified mail and regular mail a permitted secondary methods of service for an eviction action?,Illinois,138,No,"Read ""service"" as ""initial service of the summons and complaint"". Read ""certified mail and regular mail"" as ""both certified mail and regular mail, whether alone, together, or with other service methods"". ""Primary method"" means personal delivery to the tenant. ","Answer the following Yes/No question about housing law in Illinois, based on the law as it stood in 2021.

Question: Secondary methods of service are defined as those methods that may be used if the primary method is unsuccessful. Are certified mail and regular mail a permitted secondary methods of service for an eviction action?

Clarification note: Read ""service"" as ""initial service of the summons and complaint"". Read ""certified mail and regular mail"" as ""both certified mail and regular mail, whether alone, together, or with other service methods"". ""Primary method"" means personal delivery to the tenant.

Respond ONLY with a valid JSON object in exactly this format, and nothing else: {""answer"": ""<Yes or No>""}",No,,,,,,"Answer the following Yes/No question about housing law in Illinois, based on the law as it stood in 2021.

Question: Secondary methods of service are defined as those methods that may be used if the primary method is unsuccessful. Are certified mail and regular mail a permitted secondary methods of service for an eviction action?

Clarification note: Read ""service"" as ""initial service of the summons and complaint"". Read ""certified mail and regular mail"" as ""both certified mail and regular mail, whether alone, together, or with other service methods"". ""Primary method"" means personal delivery to the tenant.

Explain your reasoning briefly, in continuous prose.

Respond ONLY with a valid JSON object in exactly this format, and nothing else: {""reasoning"": ""<brief prose reasoning>"", ""answer"": ""<Yes or No>""}",No,"Under Illinois law in 2021, eviction actions were governed by the Eviction Article of the Code of Civil Procedure (735 ILCS 5/9-101 et seq.) and the general provisions for service of summons. The primary method of service is personal delivery to the defendant. If personal service cannot be obtained, the statute permits substitute or abode service and, in eviction cases, service by posting or publication when the defendant cannot be found. However, the Illinois statutory scheme for initial service of the summons and complaint in eviction actions does not authorize certified mail and regular mail as a secondary method of service; mailing is used in conjunction with substitute service or posting (for notice purposes) but is not itself an authorized method of effecting initial service of process. Therefore certified mail and regular mail are not a permitted secondary method of initial service.",,,,,"Answer the following Yes/No question about housing law in Illinois, based on the law as it stood in 2021.

Question: Secondary methods of service are defined as those methods that may be used if the primary method is unsuccessful. Are certified mail and regular mail a permitted secondary methods of service for an eviction action?

Clarification note: Read ""service"" as ""initial service of the summons and complaint"". Read ""certified mail and regular mail"" as ""both certified mail and regular mail, whether alone, together, or with other service methods"". ""Primary method"" means personal delivery to the tenant.

Explain your reasoning using the IRAC framework:
- Issue: the precise legal question raised by the facts
- Rule: the governing housing/eviction rule in Illinois
- Application: apply the rule to the question
- Conclusion: the resulting Yes/No determination

Respond ONLY with a valid JSON object in exactly this format, and nothing else: {""issue"": ""<the legal issue>"", ""rule"": ""<the applicable legal rule>"", ""application"": ""<application of rule to the question>"", ""conclusion"": ""<short statement of outcome>"", ""answer"": ""<Yes or No>""}",Yes,,Whether certified mail and regular mail constitute a permitted secondary method of initial service of the summons and complaint in an Illinois eviction (forcible entry and detainer) action when personal delivery on the tenant is unsuccessful.,"Under the Illinois Eviction Act (735 ILCS 5/9-101 et seq.) and the Code of Civil Procedure (735 ILCS 5/2-203, 2-203.1), initial service of a summons and complaint is generally made by personal service or abode service by a sheriff or authorized process server. Where personal or abode service cannot be had after diligent inquiry, Illinois law and Supreme Court Rules allow the court to authorize a comparable method of service, which may include service by posting and mailing. Historically, in eviction actions Section 9-107 permits service by posting combined with mailing a copy by certified or registered mail when the defendant cannot otherwise be found. Thus mailing is used in conjunction with posting/publication as an alternative when personal service fails.","The primary method here is personal delivery to the tenant. When that fails, Illinois eviction law permits alternative service, and mailing (including certified and regular mail) is recognized as part of the permitted secondary/alternative service scheme—typically paired with posting or as court-authorized under 2-203.1. The clarification allows certified and regular mail whether alone, together, or combined with other methods, and mailing is indeed a component of the permitted secondary service methods when personal service is unsuccessful.",Certified and regular mail are permitted as part of secondary methods of service when personal service fails.,False
5409,Secondary methods of service are defined as those methods that may be used if the primary method is unsuccessful. Are certified mail and regular mail a permitted secondary methods of service for an eviction action?,Florida,138,No,"Read ""service"" as ""initial service of the summons and complaint"" and ""certified mail and regular mail"" as ""both certified mail and regular mail, whether alone, together, or with other service methods"". ""Primary method"" means personal delivery to the tenant. ","Answer the following Yes/No question about housing law in Florida, based on the law as it stood in 2021.

Question: Secondary methods of service are defined as those methods that may be used if the primary method is unsuccessful. Are certified mail and regular mail a permitted secondary methods of service for an eviction action?

Clarification note: Read ""service"" as ""initial service of the summons and complaint"" and ""certified mail and regular mail"" as ""both certified mail and regular mail, whether alone, together, or with other service methods"". ""Primary method"" means personal delivery to the tenant.

Respond ONLY with a valid JSON object in exactly this format, and nothing else: {""answer"": ""<Yes or No>""}",No,,,,,,"Answer the following Yes/No question about housing law in Florida, based on the law as it stood in 2021.

Question: Secondary methods of service are defined as those methods that may be used if the primary method is unsuccessful. Are certified mail and regular mail a permitted secondary methods of service for an eviction action?

Clarification note: Read ""service"" as ""initial service of the summons and complaint"" and ""certified mail and regular mail"" as ""both certified mail and regular mail, whether alone, together, or with other service methods"". ""Primary method"" means personal delivery to the tenant.

Explain your reasoning briefly, in continuous prose.

Respond ONLY with a valid JSON object in exactly this format, and nothing else: {""reasoning"": ""<brief prose reasoning>"", ""answer"": ""<Yes or No>""}",Yes,"Under Florida law, evictions are governed by Chapter 83 (Florida Residential Landlord and Tenant Act), and service of process for eviction actions is addressed in Section 48.183. This statute provides that if personal service (the primary method) cannot be obtained, the summons and complaint may be served by attaching a copy to a conspicuous place on the property (posting). Importantly, Section 48.183 also requires that when service is made by posting, the clerk of court must mail a copy of the summons and complaint to the tenant by first-class mail. Thus, when personal delivery fails, service is accomplished through posting combined with regular (first-class) mail. Certified mail is not the required mailing method here, but the clarification permits regular mail together with other methods, and mailing accompanies the posting as part of the secondary service. Therefore, regular mail together with posting is a permitted secondary method of service.",,,,,"Answer the following Yes/No question about housing law in Florida, based on the law as it stood in 2021.

Question: Secondary methods of service are defined as those methods that may be used if the primary method is unsuccessful. Are certified mail and regular mail a permitted secondary methods of service for an eviction action?

Clarification note: Read ""service"" as ""initial service of the summons and complaint"" and ""certified mail and regular mail"" as ""both certified mail and regular mail, whether alone, together, or with other service methods"". ""Primary method"" means personal delivery to the tenant.

Explain your reasoning using the IRAC framework:
- Issue: the precise legal question raised by the facts
- Rule: the governing housing/eviction rule in Florida
- Application: apply the rule to the question
- Conclusion: the resulting Yes/No determination

Respond ONLY with a valid JSON object in exactly this format, and nothing else: {""issue"": ""<the legal issue>"", ""rule"": ""<the applicable legal rule>"", ""application"": ""<application of rule to the question>"", ""conclusion"": ""<short statement of outcome>"", ""answer"": ""<Yes or No>""}",No,,"Whether, for the initial service of the summons and complaint in a Florida eviction action, certified mail and regular mail (together with posting) constitute a permitted secondary method of service when personal delivery to the tenant is unsuccessful.","Under Florida Statutes § 48.183, in an action for possession of residential premises (eviction), if the plaintiff cannot obtain personal service or substituted service (leaving process at the tenant's usual place of abode with a resident 15 or older) after at least two attempts, service of process may be effected by attaching a copy to a conspicuous place on the property described in the complaint. In addition, § 48.183(2) requires that the clerk of court mail a copy of the summons and complaint to the tenant at the tenant's last known address by first-class mail, and this posting-and-mailing method suffices for the possession portion of the action.","The primary method is personal delivery to the tenant. When that is unsuccessful, Florida's eviction statute authorizes secondary service by posting on the premises, coupled with mailing by the clerk. The statutory secondary method thus does include mailing by regular (first-class) mail as a required companion to posting. However, the secondary method does not require or rely on certified mail; it uses first-class/regular mail together with posting. Because the question asks whether both certified mail and regular mail are permitted secondary methods, and the statute employs regular mail (with posting) but not certified mail, the combined 'certified and regular mail' formulation is not the permitted secondary method.","Certified mail is not part of the permitted secondary service method; only regular mail combined with posting is authorized, so the combined certified-and-regular-mail proposition fails.",False
5738,Secondary methods of service are defined as those methods that may be used if the primary method is unsuccessful. Is personal service to a suitable person other than defendant and mail a permitted secondary method of service for an eviction action?,New York,218,No,"Read ""service"" as ""initial service of the notice and petition"". ""Primary method"" means personal delivery to the tenant/defendant. Assume the service to the suitable person and the mailing occur together.","Answer the following Yes/No question about housing law in New York, based on the law as it stood in 2021.

Question: Secondary methods of service are defined as those methods that may be used if the primary method is unsuccessful. Is personal service to a suitable person other than defendant and mail a permitted secondary method of service for an eviction action?

Clarification note: Read ""service"" as ""initial service of the notice and petition"". ""Primary method"" means personal delivery to the tenant/defendant. Assume the service to the suitable person and the mailing occur together.

Respond ONLY with a valid JSON object in exactly this format, and nothing else: {""answer"": ""<Yes or No>""}",Yes,,,,,,"Answer the following Yes/No question about housing law in New York, based on the law as it stood in 2021.

Question: Secondary methods of service are defined as those methods that may be used if the primary method is unsuccessful. Is personal service to a suitable person other than defendant and mail a permitted secondary method of service for an eviction action?

Clarification note: Read ""service"" as ""initial service of the notice and petition"". ""Primary method"" means personal delivery to the tenant/defendant. Assume the service to the suitable person and the mailing occur together.

Explain your reasoning briefly, in continuous prose.

Respond ONLY with a valid JSON object in exactly this format, and nothing else: {""reasoning"": ""<brief prose reasoning>"", ""answer"": ""<Yes or No>""}",Yes,"Under RPAPL 735, service in a summary eviction proceeding may be made by personal delivery to the respondent (the primary method). If personal delivery cannot be made, the statute permits substituted service: delivering the notice and petition to a person of suitable age and discretion who resides or is employed at the property, together with mailing copies to the respondent. This 'suitable person plus mail' method is expressly authorized as a permissible alternative when personal delivery to the tenant is unsuccessful, making it a valid secondary method of service.",,,,,"Answer the following Yes/No question about housing law in New York, based on the law as it stood in 2021.

Question: Secondary methods of service are defined as those methods that may be used if the primary method is unsuccessful. Is personal service to a suitable person other than defendant and mail a permitted secondary method of service for an eviction action?

Clarification note: Read ""service"" as ""initial service of the notice and petition"". ""Primary method"" means personal delivery to the tenant/defendant. Assume the service to the suitable person and the mailing occur together.

Explain your reasoning using the IRAC framework:
- Issue: the precise legal question raised by the facts
- Rule: the governing housing/eviction rule in New York
- Application: apply the rule to the question
- Conclusion: the resulting Yes/No determination

Respond ONLY with a valid JSON object in exactly this format, and nothing else: {""issue"": ""<the legal issue>"", ""rule"": ""<the applicable legal rule>"", ""application"": ""<application of rule to the question>"", ""conclusion"": ""<short statement of outcome>"", ""answer"": ""<Yes or No>""}",Yes,,Whether service on a suitable person of suitable age and discretion combined with a mailing ('substituted service') is a permitted secondary method for serving the notice of petition and petition in an eviction (summary) proceeding when personal delivery to the tenant/defendant fails.,"Under RPAPL 735, service in a summary proceeding may be made by personal delivery to the respondent; if this cannot be accomplished with due diligence, service may be made by (1) delivering to a person of suitable age and discretion who resides or is employed at the property, and mailing (substituted service), or (2) affixing a copy on a conspicuous part of the property (conspicuous/'nail and mail' service), together with the required mailing. Substituted service (suitable person plus mail) is thus a recognized alternative when personal delivery is unsuccessful.","Here, the primary method is personal delivery to the tenant/defendant. When that fails, RPAPL 735 authorizes delivery to a suitable person other than the defendant residing or employed at the premises, coupled with the required mailing, occurring together. This describes substituted service, which is expressly permitted as a secondary method under the statute.",Substituted service by delivery to a suitable person plus mailing is a permitted secondary method of service in a New York eviction proceeding.,True
